date,faixa,admissoes,fonte
2007-01-01,30–39h,47745,CAGED Antigo
2007-01-01,40h,28018,CAGED Antigo
2007-01-01,41–43h,8390,CAGED Antigo
2007-01-01,44h (jornada máxima),1021575,CAGED Antigo
2007-01-01,Parcial (≤30h),38315,CAGED Antigo
2007-02-01,30–39h,47980,CAGED Antigo
2007-02-01,40h,26276,CAGED Antigo
2007-02-01,41–43h,7757,CAGED Antigo
2007-02-01,44h (jornada máxima),979504,CAGED Antigo
2007-02-01,Parcial (≤30h),76220,CAGED Antigo
2007-03-01,30–39h,52966,CAGED Antigo
2007-03-01,40h,27329,CAGED Antigo
2007-03-01,41–43h,9180,CAGED Antigo
2007-03-01,44h (jornada máxima),1103012,CAGED Antigo
2007-03-01,Parcial (≤30h),63143,CAGED Antigo
2007-04-01,30–39h,52882,CAGED Antigo
2007-04-01,40h,25071,CAGED Antigo
2007-04-01,41–43h,10175,CAGED Antigo
2007-04-01,44h (jornada máxima),1137299,CAGED Antigo
2007-04-01,Parcial (≤30h),47524,CAGED Antigo
2007-05-01,30–39h,53598,CAGED Antigo
2007-05-01,40h,26632,CAGED Antigo
2007-05-01,41–43h,8718,CAGED Antigo
2007-05-01,44h (jornada máxima),1158547,CAGED Antigo
2007-05-01,Parcial (≤30h),46002,CAGED Antigo
2007-06-01,30–39h,49794,CAGED Antigo
2007-06-01,40h,25860,CAGED Antigo
2007-06-01,41–43h,8421,CAGED Antigo
2007-06-01,44h (jornada máxima),1071447,CAGED Antigo
2007-06-01,Parcial (≤30h),42087,CAGED Antigo
2007-07-01,30–39h,51919,CAGED Antigo
2007-07-01,40h,27425,CAGED Antigo
2007-07-01,41–43h,9082,CAGED Antigo
2007-07-01,44h (jornada máxima),1056352,CAGED Antigo
2007-07-01,Parcial (≤30h),45757,CAGED Antigo
2007-08-01,30–39h,53617,CAGED Antigo
2007-08-01,40h,27479,CAGED Antigo
2007-08-01,41–43h,9285,CAGED Antigo
2007-08-01,44h (jornada máxima),1093602,CAGED Antigo
2007-08-01,Parcial (≤30h),69540,CAGED Antigo
2007-09-01,30–39h,51038,CAGED Antigo
2007-09-01,40h,26698,CAGED Antigo
2007-09-01,41–43h,9871,CAGED Antigo
2007-09-01,44h (jornada máxima),1088173,CAGED Antigo
2007-09-01,Parcial (≤30h),48507,CAGED Antigo
2007-10-01,30–39h,57432,CAGED Antigo
2007-10-01,40h,26695,CAGED Antigo
2007-10-01,41–43h,10273,CAGED Antigo
2007-10-01,44h (jornada máxima),1138666,CAGED Antigo
2007-10-01,Parcial (≤30h),47635,CAGED Antigo
2007-11-01,30–39h,63935,CAGED Antigo
2007-11-01,40h,23438,CAGED Antigo
2007-11-01,41–43h,9344,CAGED Antigo
2007-11-01,44h (jornada máxima),1044768,CAGED Antigo
2007-11-01,Parcial (≤30h),41163,CAGED Antigo
2007-12-01,30–39h,58520,CAGED Antigo
2007-12-01,40h,19862,CAGED Antigo
2007-12-01,41–43h,7299,CAGED Antigo
2007-12-01,44h (jornada máxima),791004,CAGED Antigo
2007-12-01,Parcial (≤30h),31443,CAGED Antigo
2008-01-01,30–39h,56467,CAGED Antigo
2008-01-01,40h,31621,CAGED Antigo
2008-01-01,41–43h,9542,CAGED Antigo
2008-01-01,44h (jornada máxima),1170832,CAGED Antigo
2008-01-01,Parcial (≤30h),40460,CAGED Antigo
2008-02-01,30–39h,61183,CAGED Antigo
2008-02-01,40h,32966,CAGED Antigo
2008-02-01,41–43h,9740,CAGED Antigo
2008-02-01,44h (jornada máxima),1182543,CAGED Antigo
2008-02-01,Parcial (≤30h),90476,CAGED Antigo
2008-03-01,30–39h,62922,CAGED Antigo
2008-03-01,40h,31843,CAGED Antigo
2008-03-01,41–43h,10367,CAGED Antigo
2008-03-01,44h (jornada máxima),1257759,CAGED Antigo
2008-03-01,Parcial (≤30h),70249,CAGED Antigo
2008-04-01,30–39h,63863,CAGED Antigo
2008-04-01,40h,33707,CAGED Antigo
2008-04-01,41–43h,10561,CAGED Antigo
2008-04-01,44h (jornada máxima),1335029,CAGED Antigo
2008-04-01,Parcial (≤30h),59998,CAGED Antigo
2008-06-01,30–39h,63581,CAGED Antigo
2008-06-01,40h,34389,CAGED Antigo
2008-06-01,41–43h,12344,CAGED Antigo
2008-06-01,44h (jornada máxima),1330756,CAGED Antigo
2008-06-01,Parcial (≤30h),50981,CAGED Antigo
2008-07-01,30–39h,64445,CAGED Antigo
2008-07-01,40h,38644,CAGED Antigo
2008-07-01,41–43h,10557,CAGED Antigo
2008-07-01,44h (jornada máxima),1335515,CAGED Antigo
2008-07-01,Parcial (≤30h),53647,CAGED Antigo
2008-09-01,30–39h,70078,CAGED Antigo
2008-09-01,40h,32531,CAGED Antigo
2008-09-01,41–43h,11369,CAGED Antigo
2008-09-01,44h (jornada máxima),1381501,CAGED Antigo
2008-09-01,Parcial (≤30h),59092,CAGED Antigo
2008-10-01,30–39h,69070,CAGED Antigo
2008-10-01,40h,31369,CAGED Antigo
2008-10-01,41–43h,10524,CAGED Antigo
2008-10-01,44h (jornada máxima),1287473,CAGED Antigo
2008-10-01,Parcial (≤30h),52769,CAGED Antigo
2008-11-01,30–39h,73145,CAGED Antigo
2008-11-01,40h,24947,CAGED Antigo
2008-11-01,41–43h,9083,CAGED Antigo
2008-11-01,44h (jornada máxima),1124481,CAGED Antigo
2008-11-01,Parcial (≤30h),44018,CAGED Antigo
2008-12-01,30–39h,63625,CAGED Antigo
2008-12-01,40h,17705,CAGED Antigo
2008-12-01,41–43h,6300,CAGED Antigo
2008-12-01,44h (jornada máxima),768003,CAGED Antigo
2008-12-01,Parcial (≤30h),31666,CAGED Antigo
2009-01-01,30–39h,57596,CAGED Antigo
2009-01-01,40h,30283,CAGED Antigo
2009-01-01,41–43h,8048,CAGED Antigo
2009-01-01,44h (jornada máxima),1080386,CAGED Antigo
2009-01-01,Parcial (≤30h),40237,CAGED Antigo
2009-02-01,30–39h,61100,CAGED Antigo
2009-02-01,40h,29337,CAGED Antigo
2009-02-01,41–43h,8040,CAGED Antigo
2009-02-01,44h (jornada máxima),1046487,CAGED Antigo
2009-02-01,Parcial (≤30h),88590,CAGED Antigo
2009-03-01,30–39h,62974,CAGED Antigo
2009-03-01,40h,30638,CAGED Antigo
2009-03-01,41–43h,8926,CAGED Antigo
2009-03-01,44h (jornada máxima),1241635,CAGED Antigo
2009-03-01,Parcial (≤30h),75338,CAGED Antigo
2009-04-01,30–39h,62243,CAGED Antigo
2009-04-01,40h,29797,CAGED Antigo
2009-04-01,41–43h,8280,CAGED Antigo
2009-04-01,44h (jornada máxima),1192833,CAGED Antigo
2009-04-01,Parcial (≤30h),57293,CAGED Antigo
2009-05-01,30–39h,58470,CAGED Antigo
2009-05-01,40h,28080,CAGED Antigo
2009-05-01,41–43h,8538,CAGED Antigo
2009-05-01,44h (jornada máxima),1200727,CAGED Antigo
2009-05-01,Parcial (≤30h),52760,CAGED Antigo
2009-07-01,30–39h,57732,CAGED Antigo
2009-07-01,40h,31468,CAGED Antigo
2009-07-01,41–43h,9021,CAGED Antigo
2009-07-01,44h (jornada máxima),1248628,CAGED Antigo
2009-07-01,Parcial (≤30h),51332,CAGED Antigo
2009-09-01,30–39h,65354,CAGED Antigo
2009-09-01,40h,30962,CAGED Antigo
2009-09-01,41–43h,10709,CAGED Antigo
2009-09-01,44h (jornada máxima),1326849,CAGED Antigo
2009-09-01,Parcial (≤30h),57706,CAGED Antigo
2009-12-01,30–39h,64179,CAGED Antigo
2009-12-01,40h,22354,CAGED Antigo
2009-12-01,41–43h,8448,CAGED Antigo
2009-12-01,44h (jornada máxima),938064,CAGED Antigo
2009-12-01,Parcial (≤30h),35436,CAGED Antigo
2010-01-01,30–39h,64848,CAGED Antigo
2010-01-01,40h,32242,CAGED Antigo
2010-01-01,41–43h,10053,CAGED Antigo
2010-01-01,44h (jornada máxima),1257335,CAGED Antigo
2010-01-01,Parcial (≤30h),45984,CAGED Antigo
2010-02-01,30–39h,69452,CAGED Antigo
2010-02-01,40h,35260,CAGED Antigo
2010-02-01,41–43h,10507,CAGED Antigo
2010-02-01,44h (jornada máxima),1313823,CAGED Antigo
2010-02-01,Parcial (≤30h),97279,CAGED Antigo
2010-03-01,30–39h,82477,CAGED Antigo
2010-03-01,40h,40891,CAGED Antigo
2010-03-01,41–43h,12514,CAGED Antigo
2010-03-01,44h (jornada máxima),1594239,CAGED Antigo
2010-03-01,Parcial (≤30h),89924,CAGED Antigo
2010-04-01,30–39h,72477,CAGED Antigo
2010-04-01,40h,37779,CAGED Antigo
2010-04-01,41–43h,11717,CAGED Antigo
2010-04-01,44h (jornada máxima),1466849,CAGED Antigo
2010-04-01,Parcial (≤30h),71253,CAGED Antigo
2010-08-01,30–39h,77345,CAGED Antigo
2010-08-01,40h,40402,CAGED Antigo
2010-08-01,41–43h,13628,CAGED Antigo
2010-08-01,44h (jornada máxima),1519045,CAGED Antigo
2010-08-01,Parcial (≤30h),90239,CAGED Antigo
2010-09-01,30–39h,78462,CAGED Antigo
2010-09-01,40h,37729,CAGED Antigo
2010-09-01,41–43h,11932,CAGED Antigo
2010-09-01,44h (jornada máxima),1492825,CAGED Antigo
2010-09-01,Parcial (≤30h),67637,CAGED Antigo
2010-11-01,30–39h,79133,CAGED Antigo
2010-11-01,40h,31037,CAGED Antigo
2010-11-01,41–43h,12855,CAGED Antigo
2010-11-01,44h (jornada máxima),1397748,CAGED Antigo
2010-11-01,Parcial (≤30h),56099,CAGED Antigo
2011-01-01,30–39h,77413,CAGED Antigo
2011-01-01,40h,39999,CAGED Antigo
2011-01-01,41–43h,12520,CAGED Antigo
2011-01-01,44h (jornada máxima),1465760,CAGED Antigo
2011-01-01,Parcial (≤30h),55744,CAGED Antigo
2011-02-01,30–39h,96056,CAGED Antigo
2011-02-01,40h,45562,CAGED Antigo
2011-02-01,41–43h,13479,CAGED Antigo
2011-02-01,44h (jornada máxima),1525312,CAGED Antigo
2011-02-01,Parcial (≤30h),116808,CAGED Antigo
2011-04-01,30–39h,90005,CAGED Antigo
2011-04-01,40h,44466,CAGED Antigo
2011-04-01,41–43h,13810,CAGED Antigo
2011-04-01,44h (jornada máxima),1552281,CAGED Antigo
2011-04-01,Parcial (≤30h),73816,CAGED Antigo
2011-05-01,30–39h,92229,CAGED Antigo
2011-05-01,40h,43531,CAGED Antigo
2011-05-01,41–43h,14407,CAGED Antigo
2011-05-01,44h (jornada máxima),1692084,CAGED Antigo
2011-05-01,Parcial (≤30h),70414,CAGED Antigo
2011-06-01,30–39h,83195,CAGED Antigo
2011-06-01,40h,39111,CAGED Antigo
2011-06-01,41–43h,12396,CAGED Antigo
2011-06-01,44h (jornada máxima),1585616,CAGED Antigo
2011-06-01,Parcial (≤30h),61499,CAGED Antigo
2011-07-01,30–39h,81349,CAGED Antigo
2011-07-01,40h,40617,CAGED Antigo
2011-07-01,41–43h,12154,CAGED Antigo
2011-07-01,44h (jornada máxima),1495421,CAGED Antigo
2011-07-01,Parcial (≤30h),67322,CAGED Antigo
2011-08-01,30–39h,93165,CAGED Antigo
2011-08-01,40h,44998,CAGED Antigo
2011-08-01,41–43h,13709,CAGED Antigo
2011-08-01,44h (jornada máxima),1583198,CAGED Antigo
2011-08-01,Parcial (≤30h),95251,CAGED Antigo
2011-09-01,30–39h,92555,CAGED Antigo
2011-09-01,40h,40432,CAGED Antigo
2011-09-01,41–43h,12256,CAGED Antigo
2011-09-01,44h (jornada máxima),1545400,CAGED Antigo
2011-09-01,Parcial (≤30h),72383,CAGED Antigo
2011-10-01,30–39h,90804,CAGED Antigo
2011-10-01,40h,37359,CAGED Antigo
2011-10-01,41–43h,12186,CAGED Antigo
2011-10-01,44h (jornada máxima),1462097,CAGED Antigo
2011-10-01,Parcial (≤30h),62120,CAGED Antigo
2011-11-01,30–39h,86430,CAGED Antigo
2011-11-01,40h,36651,CAGED Antigo
2011-11-01,41–43h,11999,CAGED Antigo
2011-11-01,44h (jornada máxima),1429737,CAGED Antigo
2011-11-01,Parcial (≤30h),55605,CAGED Antigo
2011-12-01,30–39h,83315,CAGED Antigo
2011-12-01,40h,29359,CAGED Antigo
2011-12-01,41–43h,9842,CAGED Antigo
2011-12-01,44h (jornada máxima),1137568,CAGED Antigo
2011-12-01,Parcial (≤30h),44967,CAGED Antigo
2012-01-01,30–39h,83124,CAGED Antigo
2012-01-01,40h,42202,CAGED Antigo
2012-01-01,41–43h,12491,CAGED Antigo
2012-01-01,44h (jornada máxima),1508965,CAGED Antigo
2012-01-01,Parcial (≤30h),64708,CAGED Antigo
2012-02-01,30–39h,92471,CAGED Antigo
2012-02-01,40h,45213,CAGED Antigo
2012-02-01,41–43h,12264,CAGED Antigo
2012-02-01,44h (jornada máxima),1476758,CAGED Antigo
2012-02-01,Parcial (≤30h),113356,CAGED Antigo
2012-03-01,30–39h,97478,CAGED Antigo
2012-03-01,40h,47515,CAGED Antigo
2012-03-01,41–43h,14044,CAGED Antigo
2012-03-01,44h (jornada máxima),1625176,CAGED Antigo
2012-03-01,Parcial (≤30h),96914,CAGED Antigo
2012-04-01,30–39h,95100,CAGED Antigo
2012-04-01,40h,44421,CAGED Antigo
2012-04-01,41–43h,13334,CAGED Antigo
2012-04-01,44h (jornada máxima),1568331,CAGED Antigo
2012-04-01,Parcial (≤30h),76915,CAGED Antigo
2012-07-01,30–39h,85931,CAGED Antigo
2012-07-01,40h,45177,CAGED Antigo
2012-07-01,41–43h,13130,CAGED Antigo
2012-07-01,44h (jornada máxima),1532156,CAGED Antigo
2012-07-01,Parcial (≤30h),76847,CAGED Antigo
2012-09-01,30–39h,81126,CAGED Antigo
2012-09-01,40h,40591,CAGED Antigo
2012-09-01,41–43h,13129,CAGED Antigo
2012-09-01,44h (jornada máxima),1458304,CAGED Antigo
2012-09-01,Parcial (≤30h),71597,CAGED Antigo
2012-11-01,30–39h,93522,CAGED Antigo
2012-11-01,40h,32964,CAGED Antigo
2012-11-01,41–43h,12009,CAGED Antigo
2012-11-01,44h (jornada máxima),1429960,CAGED Antigo
2012-11-01,Parcial (≤30h),55851,CAGED Antigo
2012-12-01,30–39h,80068,CAGED Antigo
2012-12-01,40h,25675,CAGED Antigo
2012-12-01,41–43h,9864,CAGED Antigo
2012-12-01,44h (jornada máxima),1054324,CAGED Antigo
2012-12-01,Parcial (≤30h),41285,CAGED Antigo
2013-02-01,30–39h,95862,CAGED Antigo
2013-02-01,40h,47692,CAGED Antigo
2013-02-01,41–43h,14135,CAGED Antigo
2013-02-01,44h (jornada máxima),1498388,CAGED Antigo
2013-02-01,Parcial (≤30h),118334,CAGED Antigo
2013-03-01,30–39h,93890,CAGED Antigo
2013-03-01,40h,46920,CAGED Antigo
2013-03-01,41–43h,15429,CAGED Antigo
2013-03-01,44h (jornada máxima),1592513,CAGED Antigo
2013-03-01,Parcial (≤30h),100396,CAGED Antigo
2013-04-01,30–39h,99548,CAGED Antigo
2013-04-01,40h,49686,CAGED Antigo
2013-04-01,41–43h,15109,CAGED Antigo
2013-04-01,44h (jornada máxima),1686351,CAGED Antigo
2013-04-01,Parcial (≤30h),87475,CAGED Antigo
2013-05-01,30–39h,94442,CAGED Antigo
2013-05-01,40h,45700,CAGED Antigo
2013-05-01,41–43h,14280,CAGED Antigo
2013-05-01,44h (jornada máxima),1595861,CAGED Antigo
2013-05-01,Parcial (≤30h),76839,CAGED Antigo
2013-06-01,30–39h,90811,CAGED Antigo
2013-06-01,40h,43006,CAGED Antigo
2013-06-01,41–43h,13702,CAGED Antigo
2013-06-01,44h (jornada máxima),1553211,CAGED Antigo
2013-06-01,Parcial (≤30h),71464,CAGED Antigo
2013-07-01,30–39h,91841,CAGED Antigo
2013-07-01,40h,45321,CAGED Antigo
2013-07-01,41–43h,13944,CAGED Antigo
2013-07-01,44h (jornada máxima),1547603,CAGED Antigo
2013-07-01,Parcial (≤30h),82599,CAGED Antigo
2013-08-01,30–39h,93570,CAGED Antigo
2013-08-01,40h,46043,CAGED Antigo
2013-08-01,41–43h,14220,CAGED Antigo
2013-08-01,44h (jornada máxima),1588747,CAGED Antigo
2013-08-01,Parcial (≤30h),103335,CAGED Antigo
2013-09-01,30–39h,93329,CAGED Antigo
2013-09-01,40h,44517,CAGED Antigo
2013-09-01,41–43h,14806,CAGED Antigo
2013-09-01,44h (jornada máxima),1569648,CAGED Antigo
2013-09-01,Parcial (≤30h),83158,CAGED Antigo
2013-11-01,30–39h,93420,CAGED Antigo
2013-11-01,40h,39418,CAGED Antigo
2013-11-01,41–43h,13633,CAGED Antigo
2013-11-01,44h (jornada máxima),1408712,CAGED Antigo
2013-11-01,Parcial (≤30h),63243,CAGED Antigo
2013-12-01,30–39h,72750,CAGED Antigo
2013-12-01,40h,27346,CAGED Antigo
2013-12-01,41–43h,10051,CAGED Antigo
2013-12-01,44h (jornada máxima),948569,CAGED Antigo
2013-12-01,Parcial (≤30h),35806,CAGED Antigo
2014-01-01,30–39h,95785,CAGED Antigo
2014-01-01,40h,47644,CAGED Antigo
2014-01-01,41–43h,13928,CAGED Antigo
2014-01-01,44h (jornada máxima),1539410,CAGED Antigo
2014-01-01,Parcial (≤30h),81310,CAGED Antigo
2014-02-01,30–39h,111324,CAGED Antigo
2014-02-01,40h,55089,CAGED Antigo
2014-02-01,41–43h,15663,CAGED Antigo
2014-02-01,44h (jornada máxima),1665466,CAGED Antigo
2014-02-01,Parcial (≤30h),141639,CAGED Antigo
2014-04-01,30–39h,105311,CAGED Antigo
2014-04-01,40h,48879,CAGED Antigo
2014-04-01,41–43h,14298,CAGED Antigo
2014-04-01,44h (jornada máxima),1601455,CAGED Antigo
2014-04-01,Parcial (≤30h),92572,CAGED Antigo
2014-06-01,30–39h,92963,CAGED Antigo
2014-06-01,40h,43179,CAGED Antigo
2014-06-01,41–43h,13878,CAGED Antigo
2014-06-01,44h (jornada máxima),1420496,CAGED Antigo
2014-06-01,Parcial (≤30h),68891,CAGED Antigo
2014-07-01,30–39h,99156,CAGED Antigo
2014-07-01,40h,46938,CAGED Antigo
2014-07-01,41–43h,14389,CAGED Antigo
2014-07-01,44h (jornada máxima),1491247,CAGED Antigo
2014-07-01,Parcial (≤30h),95067,CAGED Antigo
2014-08-01,30–39h,99627,CAGED Antigo
2014-08-01,40h,46525,CAGED Antigo
2014-08-01,41–43h,14141,CAGED Antigo
2014-08-01,44h (jornada máxima),1479995,CAGED Antigo
2014-08-01,Parcial (≤30h),108530,CAGED Antigo
2014-10-01,30–39h,95312,CAGED Antigo
2014-10-01,40h,41914,CAGED Antigo
2014-10-01,41–43h,14172,CAGED Antigo
2014-10-01,44h (jornada máxima),1487513,CAGED Antigo
2014-10-01,Parcial (≤30h),79462,CAGED Antigo
2014-11-01,30–39h,97192,CAGED Antigo
2014-11-01,40h,40706,CAGED Antigo
2014-11-01,41–43h,12623,CAGED Antigo
2014-11-01,44h (jornada máxima),1392089,CAGED Antigo
2014-11-01,Parcial (≤30h),70396,CAGED Antigo
2015-02-01,30–39h,99993,CAGED Antigo
2015-02-01,40h,45488,CAGED Antigo
2015-02-01,41–43h,13575,CAGED Antigo
2015-02-01,44h (jornada máxima),1348597,CAGED Antigo
2015-02-01,Parcial (≤30h),139050,CAGED Antigo
2015-04-01,30–39h,93959,CAGED Antigo
2015-04-01,40h,42284,CAGED Antigo
2015-04-01,41–43h,12757,CAGED Antigo
2015-04-01,44h (jornada máxima),1289574,CAGED Antigo
2015-04-01,Parcial (≤30h),89107,CAGED Antigo
2015-05-01,30–39h,87070,CAGED Antigo
2015-05-01,40h,38157,CAGED Antigo
2015-05-01,41–43h,12099,CAGED Antigo
2015-05-01,44h (jornada máxima),1250484,CAGED Antigo
2015-05-01,Parcial (≤30h),76835,CAGED Antigo
2015-06-01,30–39h,82858,CAGED Antigo
2015-06-01,40h,37380,CAGED Antigo
2015-06-01,41–43h,11650,CAGED Antigo
2015-06-01,44h (jornada máxima),1248443,CAGED Antigo
2015-06-01,Parcial (≤30h),73004,CAGED Antigo
2015-08-01,30–39h,82278,CAGED Antigo
2015-08-01,40h,40033,CAGED Antigo
2015-08-01,41–43h,11511,CAGED Antigo
2015-08-01,44h (jornada máxima),1160918,CAGED Antigo
2015-08-01,Parcial (≤30h),97603,CAGED Antigo
2015-09-01,30–39h,77287,CAGED Antigo
2015-09-01,40h,37882,CAGED Antigo
2015-09-01,41–43h,11204,CAGED Antigo
2015-09-01,44h (jornada máxima),1131478,CAGED Antigo
2015-09-01,Parcial (≤30h),68884,CAGED Antigo
2015-10-01,30–39h,75789,CAGED Antigo
2015-10-01,40h,33704,CAGED Antigo
2015-10-01,41–43h,10195,CAGED Antigo
2015-10-01,44h (jornada máxima),1049840,CAGED Antigo
2015-10-01,Parcial (≤30h),67926,CAGED Antigo
2015-12-01,30–39h,67628,CAGED Antigo
2015-12-01,40h,24889,CAGED Antigo
2015-12-01,41–43h,7809,CAGED Antigo
2015-12-01,44h (jornada máxima),779208,CAGED Antigo
2015-12-01,Parcial (≤30h),37497,CAGED Antigo
2016-01-01,30–39h,70774,CAGED Antigo
2016-01-01,40h,35513,CAGED Antigo
2016-01-01,41–43h,9818,CAGED Antigo
2016-01-01,44h (jornada máxima),1025936,CAGED Antigo
2016-01-01,Parcial (≤30h),62999,CAGED Antigo
2016-02-01,30–39h,69867,CAGED Antigo
2016-02-01,40h,40255,CAGED Antigo
2016-02-01,41–43h,10859,CAGED Antigo
2016-02-01,44h (jornada máxima),1034568,CAGED Antigo
2016-02-01,Parcial (≤30h),121071,CAGED Antigo
2016-04-01,30–39h,72798,CAGED Antigo
2016-04-01,40h,36542,CAGED Antigo
2016-04-01,41–43h,10846,CAGED Antigo
2016-04-01,44h (jornada máxima),1058417,CAGED Antigo
2016-04-01,Parcial (≤30h),80367,CAGED Antigo
2016-06-01,30–39h,66080,CAGED Antigo
2016-06-01,40h,36566,CAGED Antigo
2016-06-01,41–43h,11114,CAGED Antigo
2016-06-01,44h (jornada máxima),1024018,CAGED Antigo
2016-06-01,Parcial (≤30h),66985,CAGED Antigo
2016-07-01,30–39h,68015,CAGED Antigo
2016-07-01,40h,37480,CAGED Antigo
2016-07-01,41–43h,11084,CAGED Antigo
2016-07-01,44h (jornada máxima),979741,CAGED Antigo
2016-07-01,Parcial (≤30h),71691,CAGED Antigo
2016-08-01,30–39h,75392,CAGED Antigo
2016-08-01,40h,39337,CAGED Antigo
2016-08-01,41–43h,11582,CAGED Antigo
2016-08-01,44h (jornada máxima),1029560,CAGED Antigo
2016-08-01,Parcial (≤30h),97857,CAGED Antigo
2016-09-01,30–39h,65886,CAGED Antigo
2016-09-01,40h,34141,CAGED Antigo
2016-09-01,41–43h,11372,CAGED Antigo
2016-09-01,44h (jornada máxima),961152,CAGED Antigo
2016-09-01,Parcial (≤30h),70246,CAGED Antigo
2016-10-01,30–39h,65198,CAGED Antigo
2016-10-01,40h,31134,CAGED Antigo
2016-10-01,41–43h,11051,CAGED Antigo
2016-10-01,44h (jornada máxima),930852,CAGED Antigo
2016-10-01,Parcial (≤30h),66196,CAGED Antigo
2016-11-01,30–39h,68926,CAGED Antigo
2016-11-01,40h,29705,CAGED Antigo
2016-11-01,41–43h,10423,CAGED Antigo
2016-11-01,44h (jornada máxima),939012,CAGED Antigo
2016-11-01,Parcial (≤30h),55701,CAGED Antigo
2016-12-01,30–39h,67038,CAGED Antigo
2016-12-01,40h,24795,CAGED Antigo
2016-12-01,41–43h,7855,CAGED Antigo
2016-12-01,44h (jornada máxima),729018,CAGED Antigo
2016-12-01,Parcial (≤30h),40733,CAGED Antigo
2017-01-01,30–39h,70790,CAGED Antigo
2017-01-01,40h,42464,CAGED Antigo
2017-01-01,41–43h,11182,CAGED Antigo
2017-01-01,44h (jornada máxima),1028265,CAGED Antigo
2017-01-01,Parcial (≤30h),72561,CAGED Antigo
2017-02-01,30–39h,70186,CAGED Antigo
2017-02-01,40h,43178,CAGED Antigo
2017-02-01,41–43h,11464,CAGED Antigo
2017-02-01,44h (jornada máxima),1005962,CAGED Antigo
2017-02-01,Parcial (≤30h),120041,CAGED Antigo
2017-03-01,30–39h,70484,CAGED Antigo
2017-03-01,40h,41537,CAGED Antigo
2017-03-01,41–43h,12416,CAGED Antigo
2017-03-01,44h (jornada máxima),1048281,CAGED Antigo
2017-03-01,Parcial (≤30h),88614,CAGED Antigo
2017-05-01,30–39h,71708,CAGED Antigo
2017-05-01,40h,41124,CAGED Antigo
2017-05-01,41–43h,10951,CAGED Antigo
2017-05-01,44h (jornada máxima),1046420,CAGED Antigo
2017-05-01,Parcial (≤30h),72230,CAGED Antigo
2017-07-01,30–39h,69804,CAGED Antigo
2017-07-01,40h,40663,CAGED Antigo
2017-07-01,41–43h,11392,CAGED Antigo
2017-07-01,44h (jornada máxima),970868,CAGED Antigo
2017-07-01,Parcial (≤30h),75043,CAGED Antigo
2017-08-01,30–39h,72043,CAGED Antigo
2017-08-01,40h,42133,CAGED Antigo
2017-08-01,41–43h,13470,CAGED Antigo
2017-08-01,44h (jornada máxima),1029119,CAGED Antigo
2017-08-01,Parcial (≤30h),98186,CAGED Antigo
2017-09-01,30–39h,63483,CAGED Antigo
2017-09-01,40h,40150,CAGED Antigo
2017-09-01,41–43h,11419,CAGED Antigo
2017-09-01,44h (jornada máxima),960999,CAGED Antigo
2017-09-01,Parcial (≤30h),72256,CAGED Antigo
2017-10-01,30–39h,66986,CAGED Antigo
2017-10-01,40h,37067,CAGED Antigo
2017-10-01,41–43h,12382,CAGED Antigo
2017-10-01,44h (jornada máxima),998704,CAGED Antigo
2017-10-01,Parcial (≤30h),72680,CAGED Antigo
2017-11-01,30–39h,70291,CAGED Antigo
2017-11-01,40h,35677,CAGED Antigo
2017-11-01,41–43h,11240,CAGED Antigo
2017-11-01,44h (jornada máxima),932216,CAGED Antigo
2017-11-01,Parcial (≤30h),62374,CAGED Antigo
2018-01-01,30–39h,74068,CAGED Antigo
2018-01-01,40h,44916,CAGED Antigo
2018-01-01,41–43h,12781,CAGED Antigo
2018-01-01,44h (jornada máxima),1065891,CAGED Antigo
2018-01-01,Parcial (≤30h),86842,CAGED Antigo
2018-02-01,30–39h,69466,CAGED Antigo
2018-02-01,40h,51315,CAGED Antigo
2018-02-01,41–43h,12227,CAGED Antigo
2018-02-01,44h (jornada máxima),1003908,CAGED Antigo
2018-02-01,Parcial (≤30h),138049,CAGED Antigo
2018-03-01,30–39h,75285,CAGED Antigo
2018-03-01,40h,48228,CAGED Antigo
2018-03-01,41–43h,13726,CAGED Antigo
2018-03-01,44h (jornada máxima),1098653,CAGED Antigo
2018-03-01,Parcial (≤30h),104261,CAGED Antigo
2018-04-01,30–39h,75080,CAGED Antigo
2018-04-01,40h,47742,CAGED Antigo
2018-04-01,41–43h,13161,CAGED Antigo
2018-04-01,44h (jornada máxima),1074746,CAGED Antigo
2018-04-01,Parcial (≤30h),94496,CAGED Antigo
2018-05-01,30–39h,74608,CAGED Antigo
2018-05-01,40h,46604,CAGED Antigo
2018-05-01,41–43h,12754,CAGED Antigo
2018-05-01,44h (jornada máxima),1056843,CAGED Antigo
2018-05-01,Parcial (≤30h),86767,CAGED Antigo
2018-06-01,30–39h,69989,CAGED Antigo
2018-06-01,40h,43718,CAGED Antigo
2018-06-01,41–43h,12263,CAGED Antigo
2018-06-01,44h (jornada máxima),968687,CAGED Antigo
2018-06-01,Parcial (≤30h),72874,CAGED Antigo
2018-07-01,30–39h,70987,CAGED Antigo
2018-07-01,40h,48518,CAGED Antigo
2018-07-01,41–43h,12966,CAGED Antigo
2018-07-01,44h (jornada máxima),996694,CAGED Antigo
2018-07-01,Parcial (≤30h),90022,CAGED Antigo
2018-08-01,30–39h,77800,CAGED Antigo
2018-08-01,40h,52536,CAGED Antigo
2018-08-01,41–43h,15294,CAGED Antigo
2018-08-01,44h (jornada máxima),1090233,CAGED Antigo
2018-08-01,Parcial (≤30h),117559,CAGED Antigo
2018-09-01,30–39h,74312,CAGED Antigo
2018-09-01,40h,46972,CAGED Antigo
2018-09-01,41–43h,13913,CAGED Antigo
2018-09-01,44h (jornada máxima),1008155,CAGED Antigo
2018-09-01,Parcial (≤30h),91239,CAGED Antigo
2018-10-01,30–39h,77624,CAGED Antigo
2018-10-01,40h,48477,CAGED Antigo
2018-10-01,41–43h,15592,CAGED Antigo
2018-10-01,44h (jornada máxima),1044008,CAGED Antigo
2018-10-01,Parcial (≤30h),93801,CAGED Antigo
2018-11-01,30–39h,73989,CAGED Antigo
2018-11-01,40h,41954,CAGED Antigo
2018-11-01,41–43h,14003,CAGED Antigo
2018-11-01,44h (jornada máxima),977417,CAGED Antigo
2018-11-01,Parcial (≤30h),82051,CAGED Antigo
2018-12-01,30–39h,69770,CAGED Antigo
2018-12-01,40h,32802,CAGED Antigo
2018-12-01,41–43h,12247,CAGED Antigo
2018-12-01,44h (jornada máxima),784035,CAGED Antigo
2018-12-01,Parcial (≤30h),62291,CAGED Antigo
2019-02-01,30–39h,82726,CAGED Antigo
2019-02-01,40h,57551,CAGED Antigo
2019-02-01,41–43h,17024,CAGED Antigo
2019-02-01,44h (jornada máxima),1132904,CAGED Antigo
2019-02-01,Parcial (≤30h),163079,CAGED Antigo
2019-04-01,30–39h,85307,CAGED Antigo
2019-04-01,40h,53488,CAGED Antigo
2019-04-01,41–43h,17403,CAGED Antigo
2019-04-01,44h (jornada máxima),1115599,CAGED Antigo
2019-04-01,Parcial (≤30h),102831,CAGED Antigo
2019-05-01,30–39h,78407,CAGED Antigo
2019-05-01,40h,52034,CAGED Antigo
2019-05-01,41–43h,16364,CAGED Antigo
2019-05-01,44h (jornada máxima),1100710,CAGED Antigo
2019-05-01,Parcial (≤30h),99789,CAGED Antigo
2019-06-01,30–39h,77391,CAGED Antigo
2019-06-01,40h,48984,CAGED Antigo
2019-06-01,41–43h,15225,CAGED Antigo
2019-06-01,44h (jornada máxima),1011285,CAGED Antigo
2019-06-01,Parcial (≤30h),95221,CAGED Antigo
2019-07-01,30–39h,77546,CAGED Antigo
2019-07-01,40h,56318,CAGED Antigo
2019-07-01,41–43h,16451,CAGED Antigo
2019-07-01,44h (jornada máxima),1076788,CAGED Antigo
2019-07-01,Parcial (≤30h),104086,CAGED Antigo
2019-10-01,30–39h,81862,CAGED Antigo
2019-10-01,40h,52000,CAGED Antigo
2019-10-01,41–43h,16250,CAGED Antigo
2019-10-01,44h (jornada máxima),1113916,CAGED Antigo
2019-10-01,Parcial (≤30h),101026,CAGED Antigo
2019-11-01,30–39h,82049,CAGED Antigo
2019-11-01,40h,48442,CAGED Antigo
2019-11-01,41–43h,15375,CAGED Antigo
2019-11-01,44h (jornada máxima),1050245,CAGED Antigo
2019-11-01,Parcial (≤30h),95726,CAGED Antigo
2019-12-01,30–39h,73608,CAGED Antigo
2019-12-01,40h,35321,CAGED Antigo
2019-12-01,41–43h,11800,CAGED Antigo
2019-12-01,44h (jornada máxima),805386,CAGED Antigo
2019-12-01,Parcial (≤30h),64733,CAGED Antigo
