serie,modelo,data,previsao,ic_inf,ic_sup
Brasil,SARIMA,2026-04-01,312622,60483,564762
Brasil,SARIMA,2026-05-01,197738,-113592,509067
Brasil,SARIMA,2026-06-01,208626,-129638,546890
Brasil,SARIMA,2026-07-01,170316,-181254,521885
Brasil,SARIMA,2026-08-01,196495,-161857,554848
Brasil,SARIMA,2026-09-01,233474,-128386,595333
Brasil,SARIMA,2026-10-01,122839,-240847,486525
Brasil,SARIMA,2026-11-01,104830,-259811,469471
Brasil,SARIMA,2026-12-01,-562910,-928051,-197770
Brasil,SARIMA,2027-01-01,132974,-232429,498376
Brasil,SARIMA,2027-02-01,301980,-63560,667519
Brasil,SARIMA,2027-03-01,201951,-163660,567563
Brasil,SARIMA,2027-04-01,289850,-110812,690513
Brasil,SARIMA,2027-05-01,176725,-241151,594602
Brasil,SARIMA,2027-06-01,198974,-227655,625603
Brasil,ETS (Holt-Winters),2026-04-01,151376,-145938,440812
Brasil,ETS (Holt-Winters),2026-05-01,239893,-158024,630553
Brasil,ETS (Holt-Winters),2026-06-01,283236,-206641,752067
Brasil,ETS (Holt-Winters),2026-07-01,276007,-257839,831984
Brasil,ETS (Holt-Winters),2026-08-01,330943,-323968,953989
Brasil,ETS (Holt-Winters),2026-09-01,349096,-302484,1032979
Brasil,ETS (Holt-Winters),2026-10-01,278737,-421652,993039
Brasil,ETS (Holt-Winters),2026-11-01,283848,-508566,1050751
Brasil,ETS (Holt-Winters),2026-12-01,-331835,-1161450,490009
Brasil,ETS (Holt-Winters),2027-01-01,208286,-665358,1067451
Brasil,ETS (Holt-Winters),2027-02-01,362131,-567586,1292967
Brasil,ETS (Holt-Winters),2027-03-01,195002,-691621,1162838
Brasil,ETS (Holt-Winters),2027-04-01,130854,-825108,1124154
Brasil,ETS (Holt-Winters),2027-05-01,219371,-728486,1229361
Brasil,ETS (Holt-Winters),2027-06-01,262714,-719972,1352916
Brasil,Seasonal Naive,2026-04-01,257524,-109341,624389
Brasil,Seasonal Naive,2026-05-01,148881,-217984,515746
Brasil,Seasonal Naive,2026-06-01,166654,-200211,533519
Brasil,Seasonal Naive,2026-07-01,129799,-237066,496664
Brasil,Seasonal Naive,2026-08-01,147401,-219464,514266
Brasil,Seasonal Naive,2026-09-01,213008,-153857,579873
Brasil,Seasonal Naive,2026-10-01,85128,-281737,451993
Brasil,Seasonal Naive,2026-11-01,85814,-281051,452679
Brasil,Seasonal Naive,2026-12-01,-618081,-984946,-251216
Brasil,Seasonal Naive,2027-01-01,112312,-254553,479177
Brasil,Seasonal Naive,2027-02-01,255361,-111504,622226
Brasil,Seasonal Naive,2027-03-01,228026,-138839,594891
Brasil,Seasonal Naive,2027-04-01,257524,-109341,624389
Brasil,Seasonal Naive,2027-05-01,148881,-217984,515746
Brasil,Seasonal Naive,2027-06-01,166654,-200211,533519
RO,SARIMA,2026-04-01,409,-1294,2111
RO,SARIMA,2026-05-01,621,-1375,2616
RO,SARIMA,2026-06-01,1110,-1007,3227
RO,SARIMA,2026-07-01,1229,-956,3413
RO,SARIMA,2026-08-01,1101,-1129,3332
RO,SARIMA,2026-09-01,759,-1509,3027
RO,SARIMA,2026-10-01,147,-2153,2448
RO,SARIMA,2026-11-01,-146,-2477,2186
RO,SARIMA,2026-12-01,-2441,-4802,-81
RO,SARIMA,2027-01-01,-439,-2829,1950
RO,SARIMA,2027-02-01,1976,-441,4393
RO,SARIMA,2027-03-01,548,-1896,2993
RO,SARIMA,2027-04-01,335,-2400,3069
RO,SARIMA,2027-05-01,512,-2364,3388
RO,SARIMA,2027-06-01,984,-1981,3949
RO,ETS (Holt-Winters),2026-04-01,-377,-2034,1383
RO,ETS (Holt-Winters),2026-05-01,595,-1356,2507
RO,ETS (Holt-Winters),2026-06-01,1485,-811,3865
RO,ETS (Holt-Winters),2026-07-01,1366,-1011,4171
RO,ETS (Holt-Winters),2026-08-01,1368,-1304,4241
RO,ETS (Holt-Winters),2026-09-01,795,-2119,3862
RO,ETS (Holt-Winters),2026-10-01,314,-3077,3512
RO,ETS (Holt-Winters),2026-11-01,173,-3087,3407
RO,ETS (Holt-Winters),2026-12-01,-1829,-5456,1651
RO,ETS (Holt-Winters),2027-01-01,-171,-4049,3563
RO,ETS (Holt-Winters),2027-02-01,1938,-2250,5941
RO,ETS (Holt-Winters),2027-03-01,598,-3456,4278
RO,ETS (Holt-Winters),2027-04-01,-286,-4601,3874
RO,ETS (Holt-Winters),2027-05-01,686,-3596,4925
RO,ETS (Holt-Winters),2027-06-01,1576,-2757,5943
RO,Seasonal Naive,2026-04-01,1117,-1024,3258
RO,Seasonal Naive,2026-05-01,882,-1259,3023
RO,Seasonal Naive,2026-06-01,1125,-1016,3266
RO,Seasonal Naive,2026-07-01,1267,-874,3408
RO,Seasonal Naive,2026-08-01,1277,-864,3418
RO,Seasonal Naive,2026-09-01,1171,-970,3312
RO,Seasonal Naive,2026-10-01,524,-1617,2665
RO,Seasonal Naive,2026-11-01,168,-1973,2309
RO,Seasonal Naive,2026-12-01,-2340,-4481,-199
RO,Seasonal Naive,2027-01-01,-336,-2477,1805
RO,Seasonal Naive,2027-02-01,1790,-351,3931
RO,Seasonal Naive,2027-03-01,554,-1587,2695
RO,Seasonal Naive,2027-04-01,1117,-1024,3258
RO,Seasonal Naive,2027-05-01,882,-1259,3023
RO,Seasonal Naive,2027-06-01,1125,-1016,3266
AC,SARIMA,2026-04-01,1041,282,1800
AC,SARIMA,2026-05-01,1099,234,1964
AC,SARIMA,2026-06-01,779,-86,1644
AC,SARIMA,2026-07-01,403,-462,1268
AC,SARIMA,2026-08-01,648,-217,1514
AC,SARIMA,2026-09-01,804,-61,1669
AC,SARIMA,2026-10-01,79,-786,944
AC,SARIMA,2026-11-01,-6,-871,859
AC,SARIMA,2026-12-01,-521,-1386,344
AC,SARIMA,2027-01-01,-619,-1484,246
AC,SARIMA,2027-02-01,465,-400,1330
AC,SARIMA,2027-03-01,827,-38,1692
AC,SARIMA,2027-04-01,902,-37,1841
AC,SARIMA,2027-05-01,1099,139,2058
AC,SARIMA,2027-06-01,779,-180,1739
AC,ETS (Holt-Winters),2026-04-01,484,-330,1240
AC,ETS (Holt-Winters),2026-05-01,846,-63,1637
AC,ETS (Holt-Winters),2026-06-01,751,-234,1690
AC,ETS (Holt-Winters),2026-07-01,549,-440,1583
AC,ETS (Holt-Winters),2026-08-01,558,-427,1648
AC,ETS (Holt-Winters),2026-09-01,691,-325,1827
AC,ETS (Holt-Winters),2026-10-01,365,-723,1493
AC,ETS (Holt-Winters),2026-11-01,263,-929,1441
AC,ETS (Holt-Winters),2026-12-01,-516,-1749,675
AC,ETS (Holt-Winters),2027-01-01,-262,-1548,987
AC,ETS (Holt-Winters),2027-02-01,655,-715,1901
AC,ETS (Holt-Winters),2027-03-01,554,-804,1871
AC,ETS (Holt-Winters),2027-04-01,477,-895,1851
AC,ETS (Holt-Winters),2027-05-01,839,-632,2349
AC,ETS (Holt-Winters),2027-06-01,744,-727,2227
AC,Seasonal Naive,2026-04-01,760,-209,1729
AC,Seasonal Naive,2026-05-01,1385,416,2354
AC,Seasonal Naive,2026-06-01,605,-364,1574
AC,Seasonal Naive,2026-07-01,112,-857,1081
AC,Seasonal Naive,2026-08-01,839,-130,1808
AC,Seasonal Naive,2026-09-01,845,-124,1814
AC,Seasonal Naive,2026-10-01,-172,-1141,797
AC,Seasonal Naive,2026-11-01,-74,-1043,895
AC,Seasonal Naive,2026-12-01,-461,-1430,508
AC,Seasonal Naive,2027-01-01,-892,-1861,77
AC,Seasonal Naive,2027-02-01,276,-693,1245
AC,Seasonal Naive,2027-03-01,1066,97,2035
AC,Seasonal Naive,2027-04-01,760,-209,1729
AC,Seasonal Naive,2027-05-01,1385,416,2354
AC,Seasonal Naive,2027-06-01,605,-364,1574
AM,SARIMA,2026-04-01,2874,-601,6349
AM,SARIMA,2026-05-01,2488,-1623,6599
AM,SARIMA,2026-06-01,3127,-1212,7467
AM,SARIMA,2026-07-01,2990,-1437,7417
AM,SARIMA,2026-08-01,4050,-412,8512
AM,SARIMA,2026-09-01,3218,-1258,7693
AM,SARIMA,2026-10-01,2130,-2351,6612
AM,SARIMA,2026-11-01,3735,-749,8218
AM,SARIMA,2026-12-01,-4643,-9128,-159
AM,SARIMA,2027-01-01,1476,-3009,5960
AM,SARIMA,2027-02-01,2860,-1625,7345
AM,SARIMA,2027-03-01,2216,-2269,6701
AM,SARIMA,2027-04-01,3096,-1586,7778
AM,SARIMA,2027-05-01,2760,-1999,7518
AM,SARIMA,2027-06-01,3735,-1054,8524
AM,ETS (Holt-Winters),2026-04-01,2672,-1295,7121
AM,ETS (Holt-Winters),2026-05-01,3241,-2342,8982
AM,ETS (Holt-Winters),2026-06-01,4347,-2319,11432
AM,ETS (Holt-Winters),2026-07-01,4825,-2812,13097
AM,ETS (Holt-Winters),2026-08-01,5583,-2749,14426
AM,ETS (Holt-Winters),2026-09-01,4530,-4555,14529
AM,ETS (Holt-Winters),2026-10-01,3101,-6932,13310
AM,ETS (Holt-Winters),2026-11-01,3216,-7904,14180
AM,ETS (Holt-Winters),2026-12-01,-4306,-15859,7598
AM,ETS (Holt-Winters),2027-01-01,49,-11536,12444
AM,ETS (Holt-Winters),2027-02-01,790,-11719,13142
AM,ETS (Holt-Winters),2027-03-01,789,-12383,14070
AM,ETS (Holt-Winters),2027-04-01,1389,-11990,15676
AM,ETS (Holt-Winters),2027-05-01,1958,-12600,15880
AM,ETS (Holt-Winters),2027-06-01,3063,-11998,17898
AM,Seasonal Naive,2026-04-01,2678,-2683,8039
AM,Seasonal Naive,2026-05-01,2059,-3302,7420
AM,Seasonal Naive,2026-06-01,2622,-2739,7983
AM,Seasonal Naive,2026-07-01,1011,-4350,6372
AM,Seasonal Naive,2026-08-01,2637,-2724,7998
AM,Seasonal Naive,2026-09-01,3736,-1625,9097
AM,Seasonal Naive,2026-10-01,1198,-4163,6559
AM,Seasonal Naive,2026-11-01,3802,-1559,9163
AM,Seasonal Naive,2026-12-01,-6670,-12031,-1309
AM,Seasonal Naive,2027-01-01,1311,-4050,6672
AM,Seasonal Naive,2027-02-01,2060,-3301,7421
AM,Seasonal Naive,2027-03-01,2076,-3285,7437
AM,Seasonal Naive,2027-04-01,2678,-2683,8039
AM,Seasonal Naive,2027-05-01,2059,-3302,7420
AM,Seasonal Naive,2027-06-01,2622,-2739,7983
RR,SARIMA,2026-04-01,424,-378,1227
RR,SARIMA,2026-05-01,346,-472,1163
RR,SARIMA,2026-06-01,190,-651,1030
RR,SARIMA,2026-07-01,221,-622,1064
RR,SARIMA,2026-08-01,389,-456,1233
RR,SARIMA,2026-09-01,612,-233,1457
RR,SARIMA,2026-10-01,160,-685,1005
RR,SARIMA,2026-11-01,514,-331,1359
RR,SARIMA,2026-12-01,-722,-1568,123
RR,SARIMA,2027-01-01,232,-612,1077
RR,SARIMA,2027-02-01,567,-278,1412
RR,SARIMA,2027-03-01,540,-305,1385
RR,SARIMA,2027-04-01,446,-451,1343
RR,SARIMA,2027-05-01,307,-592,1206
RR,SARIMA,2027-06-01,186,-716,1088
RR,ETS (Holt-Winters),2026-04-01,-31,-838,688
RR,ETS (Holt-Winters),2026-05-01,-56,-821,748
RR,ETS (Holt-Winters),2026-06-01,16,-817,831
RR,ETS (Holt-Winters),2026-07-01,19,-795,784
RR,ETS (Holt-Winters),2026-08-01,347,-508,1178
RR,ETS (Holt-Winters),2026-09-01,498,-274,1347
RR,ETS (Holt-Winters),2026-10-01,44,-755,909
RR,ETS (Holt-Winters),2026-11-01,384,-430,1257
RR,ETS (Holt-Winters),2026-12-01,-774,-1599,57
RR,ETS (Holt-Winters),2027-01-01,128,-684,1030
RR,ETS (Holt-Winters),2027-02-01,379,-474,1222
RR,ETS (Holt-Winters),2027-03-01,270,-669,1128
RR,ETS (Holt-Winters),2027-04-01,-57,-945,829
RR,ETS (Holt-Winters),2027-05-01,-82,-921,870
RR,ETS (Holt-Winters),2027-06-01,-10,-821,900
RR,Seasonal Naive,2026-04-01,669,-279,1617
RR,Seasonal Naive,2026-05-01,306,-642,1254
RR,Seasonal Naive,2026-06-01,44,-904,992
RR,Seasonal Naive,2026-07-01,125,-823,1073
RR,Seasonal Naive,2026-08-01,-262,-1210,686
RR,Seasonal Naive,2026-09-01,295,-653,1243
RR,Seasonal Naive,2026-10-01,21,-927,969
RR,Seasonal Naive,2026-11-01,216,-732,1164
RR,Seasonal Naive,2026-12-01,-988,-1936,-40
RR,Seasonal Naive,2027-01-01,-31,-979,917
RR,Seasonal Naive,2027-02-01,256,-692,1204
RR,Seasonal Naive,2027-03-01,751,-197,1699
RR,Seasonal Naive,2027-04-01,669,-279,1617
RR,Seasonal Naive,2027-05-01,306,-642,1254
RR,Seasonal Naive,2027-06-01,44,-904,992
PA,SARIMA,2026-04-01,5019,-231,10270
PA,SARIMA,2026-05-01,4661,-1116,10439
PA,SARIMA,2026-06-01,6175,21,12330
PA,SARIMA,2026-07-01,5088,-1232,11409
PA,SARIMA,2026-08-01,5447,-964,11857
PA,SARIMA,2026-09-01,9214,2758,15671
PA,SARIMA,2026-10-01,2443,-4038,8924
PA,SARIMA,2026-11-01,1533,-4960,8027
PA,SARIMA,2026-12-01,-13867,-20368,-7367
PA,SARIMA,2027-01-01,-768,-7272,5735
PA,SARIMA,2027-02-01,5942,-563,12447
PA,SARIMA,2027-03-01,1944,-4562,8451
PA,SARIMA,2027-04-01,5235,-2053,12524
PA,SARIMA,2027-05-01,4751,-2697,12199
PA,SARIMA,2027-06-01,6258,-1308,13825
PA,ETS (Holt-Winters),2026-04-01,3681,-1815,9432
PA,ETS (Holt-Winters),2026-05-01,5057,-2031,12411
PA,ETS (Holt-Winters),2026-06-01,7383,-636,15518
PA,ETS (Holt-Winters),2026-07-01,6420,-2975,15726
PA,ETS (Holt-Winters),2026-08-01,6490,-3774,16315
PA,ETS (Holt-Winters),2026-09-01,7262,-4128,17672
PA,ETS (Holt-Winters),2026-10-01,2423,-9467,13504
PA,ETS (Holt-Winters),2026-11-01,485,-12125,13485
PA,ETS (Holt-Winters),2026-12-01,-12747,-26272,286
PA,ETS (Holt-Winters),2027-01-01,-2716,-16251,11666
PA,ETS (Holt-Winters),2027-02-01,3246,-11454,18819
PA,ETS (Holt-Winters),2027-03-01,178,-15761,15681
PA,ETS (Holt-Winters),2027-04-01,1973,-15017,18659
PA,ETS (Holt-Winters),2027-05-01,3349,-13906,19755
PA,ETS (Holt-Winters),2027-06-01,5675,-11794,22089
PA,Seasonal Naive,2026-04-01,5120,-1917,12157
PA,Seasonal Naive,2026-05-01,5058,-1979,12095
PA,Seasonal Naive,2026-06-01,5501,-1536,12538
PA,Seasonal Naive,2026-07-01,4882,-2155,11919
PA,Seasonal Naive,2026-08-01,5505,-1532,12542
PA,Seasonal Naive,2026-09-01,9775,2738,16812
PA,Seasonal Naive,2026-10-01,2128,-4909,9165
PA,Seasonal Naive,2026-11-01,1951,-5086,8988
PA,Seasonal Naive,2026-12-01,-15470,-22507,-8433
PA,Seasonal Naive,2027-01-01,-270,-7307,6767
PA,Seasonal Naive,2027-02-01,4701,-2336,11738
PA,Seasonal Naive,2027-03-01,1995,-5042,9032
PA,Seasonal Naive,2027-04-01,5120,-1917,12157
PA,Seasonal Naive,2027-05-01,5058,-1979,12095
PA,Seasonal Naive,2027-06-01,5501,-1536,12538
AP,SARIMA,2026-04-01,846,-94,1786
AP,SARIMA,2026-05-01,375,-565,1315
AP,SARIMA,2026-06-01,1416,476,2356
AP,SARIMA,2026-07-01,880,-61,1820
AP,SARIMA,2026-08-01,1129,189,2070
AP,SARIMA,2026-09-01,969,28,1909
AP,SARIMA,2026-10-01,668,-273,1608
AP,SARIMA,2026-11-01,493,-448,1433
AP,SARIMA,2026-12-01,-832,-1772,109
AP,SARIMA,2027-01-01,708,-232,1649
AP,SARIMA,2027-02-01,500,-440,1440
AP,SARIMA,2027-03-01,740,-200,1680
AP,SARIMA,2027-04-01,929,-116,1973
AP,SARIMA,2027-05-01,457,-587,1502
AP,SARIMA,2027-06-01,1499,454,2543
AP,ETS (Holt-Winters),2026-04-01,594,-210,1383
AP,ETS (Holt-Winters),2026-05-01,465,-443,1310
AP,ETS (Holt-Winters),2026-06-01,1107,269,2001
AP,ETS (Holt-Winters),2026-07-01,908,75,1793
AP,ETS (Holt-Winters),2026-08-01,1182,222,2048
AP,ETS (Holt-Winters),2026-09-01,977,128,1848
AP,ETS (Holt-Winters),2026-10-01,577,-359,1467
AP,ETS (Holt-Winters),2026-11-01,626,-242,1571
AP,ETS (Holt-Winters),2026-12-01,-396,-1202,443
AP,ETS (Holt-Winters),2027-01-01,705,-223,1542
AP,ETS (Holt-Winters),2027-02-01,598,-212,1435
AP,ETS (Holt-Winters),2027-03-01,699,-149,1546
AP,ETS (Holt-Winters),2027-04-01,673,-202,1521
AP,ETS (Holt-Winters),2027-05-01,544,-346,1481
AP,ETS (Holt-Winters),2027-06-01,1186,352,2045
AP,Seasonal Naive,2026-04-01,775,-278,1828
AP,Seasonal Naive,2026-05-01,179,-874,1232
AP,Seasonal Naive,2026-06-01,1273,220,2326
AP,Seasonal Naive,2026-07-01,792,-261,1845
AP,Seasonal Naive,2026-08-01,790,-263,1843
AP,Seasonal Naive,2026-09-01,735,-318,1788
AP,Seasonal Naive,2026-10-01,744,-309,1797
AP,Seasonal Naive,2026-11-01,376,-677,1429
AP,Seasonal Naive,2026-12-01,-1137,-2190,-84
AP,Seasonal Naive,2027-01-01,459,-594,1512
AP,Seasonal Naive,2027-02-01,238,-815,1291
AP,Seasonal Naive,2027-03-01,818,-235,1871
AP,Seasonal Naive,2027-04-01,775,-278,1828
AP,Seasonal Naive,2027-05-01,179,-874,1232
AP,Seasonal Naive,2027-06-01,1273,220,2326
TO,SARIMA,2026-04-01,478,-1046,2002
TO,SARIMA,2026-05-01,575,-1125,2275
TO,SARIMA,2026-06-01,-463,-2338,1411
TO,SARIMA,2026-07-01,-487,-2371,1398
TO,SARIMA,2026-08-01,384,-1603,2371
TO,SARIMA,2026-09-01,898,-1113,2909
TO,SARIMA,2026-10-01,-466,-2549,1617
TO,SARIMA,2026-11-01,-890,-3006,1226
TO,SARIMA,2026-12-01,-4829,-7002,-2655
TO,SARIMA,2027-01-01,835,-1377,3046
TO,SARIMA,2027-02-01,1021,-1240,3283
TO,SARIMA,2027-03-01,3,-2298,2304
TO,SARIMA,2027-04-01,34,-2789,2856
TO,SARIMA,2027-05-01,-38,-3037,2962
TO,SARIMA,2027-06-01,-959,-4142,2223
TO,ETS (Holt-Winters),2026-04-01,-80,-1680,1536
TO,ETS (Holt-Winters),2026-05-01,222,-1628,1961
TO,ETS (Holt-Winters),2026-06-01,650,-1325,2497
TO,ETS (Holt-Winters),2026-07-01,611,-1439,2540
TO,ETS (Holt-Winters),2026-08-01,1117,-1065,2974
TO,ETS (Holt-Winters),2026-09-01,1010,-1361,3093
TO,ETS (Holt-Winters),2026-10-01,619,-1689,3019
TO,ETS (Holt-Winters),2026-11-01,-39,-2570,2235
TO,ETS (Holt-Winters),2026-12-01,-2859,-5544,-459
TO,ETS (Holt-Winters),2027-01-01,705,-1929,3231
TO,ETS (Holt-Winters),2027-02-01,1616,-947,4178
TO,ETS (Holt-Winters),2027-03-01,584,-2078,3193
TO,ETS (Holt-Winters),2027-04-01,18,-2820,2693
TO,ETS (Holt-Winters),2027-05-01,320,-2623,3047
TO,ETS (Holt-Winters),2027-06-01,748,-2262,3512
TO,Seasonal Naive,2026-04-01,1708,-173,3589
TO,Seasonal Naive,2026-05-01,967,-914,2848
TO,Seasonal Naive,2026-06-01,513,-1368,2394
TO,Seasonal Naive,2026-07-01,-61,-1942,1820
TO,Seasonal Naive,2026-08-01,1298,-583,3179
TO,Seasonal Naive,2026-09-01,1594,-287,3475
TO,Seasonal Naive,2026-10-01,43,-1838,1924
TO,Seasonal Naive,2026-11-01,-361,-2242,1520
TO,Seasonal Naive,2026-12-01,-4407,-6288,-2526
TO,Seasonal Naive,2027-01-01,1497,-384,3378
TO,Seasonal Naive,2027-02-01,1314,-567,3195
TO,Seasonal Naive,2027-03-01,626,-1255,2507
TO,Seasonal Naive,2027-04-01,1708,-173,3589
TO,Seasonal Naive,2027-05-01,967,-914,2848
TO,Seasonal Naive,2027-06-01,513,-1368,2394
MA,SARIMA,2026-04-01,3768,368,7167
MA,SARIMA,2026-05-01,3412,-246,7070
MA,SARIMA,2026-06-01,6519,2672,10367
MA,SARIMA,2026-07-01,3073,-917,7062
MA,SARIMA,2026-08-01,3127,-970,7223
MA,SARIMA,2026-09-01,4031,-148,8209
MA,SARIMA,2026-10-01,2061,-2181,6302
MA,SARIMA,2026-11-01,2113,-2177,6403
MA,SARIMA,2026-12-01,-5393,-9720,-1066
MA,SARIMA,2027-01-01,1913,-2443,6269
MA,SARIMA,2027-02-01,1892,-2486,6271
MA,SARIMA,2027-03-01,1391,-3005,5787
MA,SARIMA,2027-04-01,3784,-1048,8617
MA,SARIMA,2027-05-01,3586,-1342,8514
MA,SARIMA,2027-06-01,6467,1466,11469
MA,ETS (Holt-Winters),2026-04-01,2014,-1816,5588
MA,ETS (Holt-Winters),2026-05-01,3148,-939,7048
MA,ETS (Holt-Winters),2026-06-01,6277,1773,10709
MA,ETS (Holt-Winters),2026-07-01,4438,-291,9285
MA,ETS (Holt-Winters),2026-08-01,4441,-807,9556
MA,ETS (Holt-Winters),2026-09-01,4686,-652,10173
MA,ETS (Holt-Winters),2026-10-01,3665,-2139,9497
MA,ETS (Holt-Winters),2026-11-01,2589,-3447,8376
MA,ETS (Holt-Winters),2026-12-01,-3927,-9819,2314
MA,ETS (Holt-Winters),2027-01-01,964,-5237,7925
MA,ETS (Holt-Winters),2027-02-01,2033,-4432,9302
MA,ETS (Holt-Winters),2027-03-01,2117,-4412,9498
MA,ETS (Holt-Winters),2027-04-01,2199,-4788,9567
MA,ETS (Holt-Winters),2027-05-01,3333,-3835,10781
MA,ETS (Holt-Winters),2027-06-01,6462,-351,14114
MA,Seasonal Naive,2026-04-01,3582,-798,7962
MA,Seasonal Naive,2026-05-01,3560,-820,7940
MA,Seasonal Naive,2026-06-01,6247,1867,10627
MA,Seasonal Naive,2026-07-01,2898,-1482,7278
MA,Seasonal Naive,2026-08-01,3149,-1231,7529
MA,Seasonal Naive,2026-09-01,3270,-1110,7650
MA,Seasonal Naive,2026-10-01,3293,-1087,7673
MA,Seasonal Naive,2026-11-01,2414,-1966,6794
MA,Seasonal Naive,2026-12-01,-4084,-8464,296
MA,Seasonal Naive,2027-01-01,2516,-1864,6896
MA,Seasonal Naive,2027-02-01,2041,-2339,6421
MA,Seasonal Naive,2027-03-01,1430,-2950,5810
MA,Seasonal Naive,2027-04-01,3582,-798,7962
MA,Seasonal Naive,2027-05-01,3560,-820,7940
MA,Seasonal Naive,2027-06-01,6247,1867,10627
PI,SARIMA,2026-04-01,2641,69,5212
PI,SARIMA,2026-05-01,3442,643,6240
PI,SARIMA,2026-06-01,3494,385,6603
PI,SARIMA,2026-07-01,2871,-351,6093
PI,SARIMA,2026-08-01,2477,-788,5743
PI,SARIMA,2026-09-01,2196,-1087,5478
PI,SARIMA,2026-10-01,2155,-1134,5444
PI,SARIMA,2026-11-01,-699,-3991,2593
PI,SARIMA,2026-12-01,-2658,-5951,635
PI,SARIMA,2027-01-01,-259,-3552,3034
PI,SARIMA,2027-02-01,1631,-1663,4924
PI,SARIMA,2027-03-01,2581,-712,5874
PI,SARIMA,2027-04-01,2449,-1060,5958
PI,SARIMA,2027-05-01,3096,-452,6643
PI,SARIMA,2027-06-01,3277,-327,6882
PI,ETS (Holt-Winters),2026-04-01,1898,-903,4683
PI,ETS (Holt-Winters),2026-05-01,2988,-157,6206
PI,ETS (Holt-Winters),2026-06-01,4445,820,8144
PI,ETS (Holt-Winters),2026-07-01,3710,-492,7782
PI,ETS (Holt-Winters),2026-08-01,3422,-1513,7797
PI,ETS (Holt-Winters),2026-09-01,3564,-1632,8377
PI,ETS (Holt-Winters),2026-10-01,3131,-2442,8514
PI,ETS (Holt-Winters),2026-11-01,1258,-4002,6848
PI,ETS (Holt-Winters),2026-12-01,-1429,-7370,4440
PI,ETS (Holt-Winters),2027-01-01,1305,-5058,7310
PI,ETS (Holt-Winters),2027-02-01,2845,-3404,8705
PI,ETS (Holt-Winters),2027-03-01,3031,-3773,9601
PI,ETS (Holt-Winters),2027-04-01,2228,-4332,9522
PI,ETS (Holt-Winters),2027-05-01,3318,-3701,10722
PI,ETS (Holt-Winters),2027-06-01,4775,-2365,11898
PI,Seasonal Naive,2026-04-01,3218,-420,6856
PI,Seasonal Naive,2026-05-01,3559,-79,7197
PI,Seasonal Naive,2026-06-01,2745,-893,6383
PI,Seasonal Naive,2026-07-01,2985,-653,6623
PI,Seasonal Naive,2026-08-01,2591,-1047,6229
PI,Seasonal Naive,2026-09-01,2404,-1234,6042
PI,Seasonal Naive,2026-10-01,2693,-945,6331
PI,Seasonal Naive,2026-11-01,-1048,-4686,2590
PI,Seasonal Naive,2026-12-01,-2470,-6108,1168
PI,Seasonal Naive,2027-01-01,-337,-3975,3301
PI,Seasonal Naive,2027-02-01,1275,-2363,4913
PI,Seasonal Naive,2027-03-01,3308,-330,6946
PI,Seasonal Naive,2027-04-01,3218,-420,6856
PI,Seasonal Naive,2027-05-01,3559,-79,7197
PI,Seasonal Naive,2027-06-01,2745,-893,6383
CE,SARIMA,2026-04-01,7994,-614,16603
CE,SARIMA,2026-05-01,8043,-1224,17310
CE,SARIMA,2026-06-01,8702,-1432,18837
CE,SARIMA,2026-07-01,7491,-2889,17871
CE,SARIMA,2026-08-01,9131,-1322,19583
CE,SARIMA,2026-09-01,10660,187,21134
CE,SARIMA,2026-10-01,4496,-5984,14976
CE,SARIMA,2026-11-01,5962,-4520,16444
CE,SARIMA,2026-12-01,-7305,-17787,3178
CE,SARIMA,2027-01-01,-734,-11216,9748
CE,SARIMA,2027-02-01,5176,-5306,15658
CE,SARIMA,2027-03-01,3563,-6919,14045
CE,SARIMA,2027-04-01,6714,-4426,17853
CE,SARIMA,2027-05-01,6465,-4776,17706
CE,SARIMA,2027-06-01,7840,-3544,19224
CE,ETS (Holt-Winters),2026-04-01,4527,-6784,15144
CE,ETS (Holt-Winters),2026-05-01,6651,-7029,20263
CE,ETS (Holt-Winters),2026-06-01,9594,-6014,24320
CE,ETS (Holt-Winters),2026-07-01,10879,-6878,28461
CE,ETS (Holt-Winters),2026-08-01,13533,-6000,32723
CE,ETS (Holt-Winters),2026-09-01,13802,-6126,32961
CE,ETS (Holt-Winters),2026-10-01,9425,-12148,28817
CE,ETS (Holt-Winters),2026-11-01,10163,-12478,31574
CE,ETS (Holt-Winters),2026-12-01,-2686,-25856,21173
CE,ETS (Holt-Winters),2027-01-01,1126,-21782,24834
CE,ETS (Holt-Winters),2027-02-01,6980,-18289,32057
CE,ETS (Holt-Winters),2027-03-01,2989,-24123,30298
CE,ETS (Holt-Winters),2027-04-01,3187,-25546,30035
CE,ETS (Holt-Winters),2027-05-01,5311,-26560,34546
CE,ETS (Holt-Winters),2027-06-01,8254,-22232,38340
CE,Seasonal Naive,2026-04-01,9221,-3046,21488
CE,Seasonal Naive,2026-05-01,5769,-6498,18036
CE,Seasonal Naive,2026-06-01,7320,-4947,19587
CE,Seasonal Naive,2026-07-01,7424,-4843,19691
CE,Seasonal Naive,2026-08-01,6933,-5334,19200
CE,Seasonal Naive,2026-09-01,10561,-1706,22828
CE,Seasonal Naive,2026-10-01,3379,-8888,15646
CE,Seasonal Naive,2026-11-01,5874,-6393,18141
CE,Seasonal Naive,2026-12-01,-10800,-23067,1467
CE,Seasonal Naive,2027-01-01,-1291,-13558,10976
CE,Seasonal Naive,2027-02-01,4316,-7951,16583
CE,Seasonal Naive,2027-03-01,6629,-5638,18896
CE,Seasonal Naive,2027-04-01,9221,-3046,21488
CE,Seasonal Naive,2027-05-01,5769,-6498,18036
CE,Seasonal Naive,2027-06-01,7320,-4947,19587
RN,SARIMA,2026-04-01,1404,-1713,4521
RN,SARIMA,2026-05-01,2543,-647,5733
RN,SARIMA,2026-06-01,2943,-713,6599
RN,SARIMA,2026-07-01,4073,229,7917
RN,SARIMA,2026-08-01,6071,2148,9995
RN,SARIMA,2026-09-01,4003,45,7962
RN,SARIMA,2026-10-01,1837,-2137,5810
RN,SARIMA,2026-11-01,2108,-1873,6088
RN,SARIMA,2026-12-01,-3885,-7869,98
RN,SARIMA,2027-01-01,570,-3414,4555
RN,SARIMA,2027-02-01,-372,-4357,3613
RN,SARIMA,2027-03-01,248,-3737,4234
RN,SARIMA,2027-04-01,1842,-2455,6138
RN,SARIMA,2027-05-01,2399,-1913,6711
RN,SARIMA,2027-06-01,2847,-1561,7256
RN,ETS (Holt-Winters),2026-04-01,-293,-3802,3143
RN,ETS (Holt-Winters),2026-05-01,1258,-2512,4868
RN,ETS (Holt-Winters),2026-06-01,2883,-1163,6792
RN,ETS (Holt-Winters),2026-07-01,3243,-1028,7369
RN,ETS (Holt-Winters),2026-08-01,6063,1325,10771
RN,ETS (Holt-Winters),2026-09-01,4274,-771,9072
RN,ETS (Holt-Winters),2026-10-01,2454,-2781,7544
RN,ETS (Holt-Winters),2026-11-01,2513,-2742,7645
RN,ETS (Holt-Winters),2026-12-01,-2979,-8432,2467
RN,ETS (Holt-Winters),2027-01-01,94,-5612,5539
RN,ETS (Holt-Winters),2027-02-01,237,-5245,6026
RN,ETS (Holt-Winters),2027-03-01,-16,-6021,5997
RN,ETS (Holt-Winters),2027-04-01,-9,-5976,6006
RN,ETS (Holt-Winters),2027-05-01,1543,-4378,8516
RN,ETS (Holt-Winters),2027-06-01,3167,-2920,9231
RN,Seasonal Naive,2026-04-01,2927,-1773,7627
RN,Seasonal Naive,2026-05-01,2220,-2480,6920
RN,Seasonal Naive,2026-06-01,1763,-2937,6463
RN,Seasonal Naive,2026-07-01,3438,-1262,8138
RN,Seasonal Naive,2026-08-01,5339,639,10039
RN,Seasonal Naive,2026-09-01,3231,-1469,7931
RN,Seasonal Naive,2026-10-01,954,-3746,5654
RN,Seasonal Naive,2026-11-01,1548,-3152,6248
RN,Seasonal Naive,2026-12-01,-5306,-10006,-606
RN,Seasonal Naive,2027-01-01,1164,-3536,5864
RN,Seasonal Naive,2027-02-01,-2221,-6921,2479
RN,Seasonal Naive,2027-03-01,1127,-3573,5827
RN,Seasonal Naive,2027-04-01,2927,-1773,7627
RN,Seasonal Naive,2027-05-01,2220,-2480,6920
RN,Seasonal Naive,2027-06-01,1763,-2937,6463
PB,SARIMA,2026-04-01,394,-3210,3999
PB,SARIMA,2026-05-01,3431,-470,7332
PB,SARIMA,2026-06-01,2244,-1706,6193
PB,SARIMA,2026-07-01,3681,-276,7639
PB,SARIMA,2026-08-01,8749,4790,12708
PB,SARIMA,2026-09-01,4751,791,8710
PB,SARIMA,2026-10-01,2966,-994,6925
PB,SARIMA,2026-11-01,4544,584,8503
PB,SARIMA,2026-12-01,-677,-4635,3282
PB,SARIMA,2027-01-01,132,-3820,4083
PB,SARIMA,2027-02-01,219,-3732,4171
PB,SARIMA,2027-03-01,904,-3047,4855
PB,SARIMA,2027-04-01,504,-3553,4561
PB,SARIMA,2027-05-01,3597,-477,7672
PB,SARIMA,2027-06-01,2434,-1644,6511
PB,ETS (Holt-Winters),2026-04-01,-925,-4918,3207
PB,ETS (Holt-Winters),2026-05-01,2407,-1783,6498
PB,ETS (Holt-Winters),2026-06-01,1998,-2140,6321
PB,ETS (Holt-Winters),2026-07-01,3495,-750,8081
PB,ETS (Holt-Winters),2026-08-01,8918,4212,13281
PB,ETS (Holt-Winters),2026-09-01,4297,-362,9162
PB,ETS (Holt-Winters),2026-10-01,2669,-1840,7615
PB,ETS (Holt-Winters),2026-11-01,4726,-195,9734
PB,ETS (Holt-Winters),2026-12-01,-960,-6027,3890
PB,ETS (Holt-Winters),2027-01-01,-220,-4993,4843
PB,ETS (Holt-Winters),2027-02-01,-209,-5494,5344
PB,ETS (Holt-Winters),2027-03-01,717,-4599,5857
PB,ETS (Holt-Winters),2027-04-01,-611,-5822,4932
PB,ETS (Holt-Winters),2027-05-01,2721,-2598,8701
PB,ETS (Holt-Winters),2027-06-01,2312,-3490,7774
PB,Seasonal Naive,2026-04-01,1577,-3483,6637
PB,Seasonal Naive,2026-05-01,5905,845,10965
PB,Seasonal Naive,2026-06-01,515,-4545,5575
PB,Seasonal Naive,2026-07-01,2247,-2813,7307
PB,Seasonal Naive,2026-08-01,8492,3432,13552
PB,Seasonal Naive,2026-09-01,6084,1024,11144
PB,Seasonal Naive,2026-10-01,2734,-2326,7794
PB,Seasonal Naive,2026-11-01,4078,-982,9138
PB,Seasonal Naive,2026-12-01,-2684,-7744,2376
PB,Seasonal Naive,2027-01-01,-302,-5362,4758
PB,Seasonal Naive,2027-02-01,-1186,-6246,3874
PB,Seasonal Naive,2027-03-01,930,-4130,5990
PB,Seasonal Naive,2027-04-01,1577,-3483,6637
PB,Seasonal Naive,2027-05-01,5905,845,10965
PB,Seasonal Naive,2027-06-01,515,-4545,5575
PE,SARIMA,2026-04-01,3917,-3973,11808
PE,SARIMA,2026-05-01,10584,1662,19505
PE,SARIMA,2026-06-01,8103,-2222,18428
PE,SARIMA,2026-07-01,9091,-1262,19443
PE,SARIMA,2026-08-01,16502,6150,26855
PE,SARIMA,2026-09-01,20226,9874,30578
PE,SARIMA,2026-10-01,10815,463,21168
PE,SARIMA,2026-11-01,10434,85,20782
PE,SARIMA,2026-12-01,-5583,-15929,4762
PE,SARIMA,2027-01-01,2206,-8129,12541
PE,SARIMA,2027-02-01,5627,-4708,15962
PE,SARIMA,2027-03-01,98,-10237,10433
PE,SARIMA,2027-04-01,3327,-7210,13865
PE,SARIMA,2027-05-01,8711,-1882,19304
PE,SARIMA,2027-06-01,8490,-2189,19170
PE,ETS (Holt-Winters),2026-04-01,4977,-4748,13895
PE,ETS (Holt-Winters),2026-05-01,10799,-885,21771
PE,ETS (Holt-Winters),2026-06-01,12174,-1019,25295
PE,ETS (Holt-Winters),2026-07-01,14268,-1066,29939
PE,ETS (Holt-Winters),2026-08-01,22358,5586,39339
PE,ETS (Holt-Winters),2026-09-01,28111,9709,45358
PE,ETS (Holt-Winters),2026-10-01,16575,-3624,37416
PE,ETS (Holt-Winters),2026-11-01,15925,-5500,37632
PE,ETS (Holt-Winters),2026-12-01,-1260,-23685,21725
PE,ETS (Holt-Winters),2027-01-01,6408,-16514,31062
PE,ETS (Holt-Winters),2027-02-01,8997,-16655,34118
PE,ETS (Holt-Winters),2027-03-01,1549,-24706,27474
PE,ETS (Holt-Winters),2027-04-01,5141,-23008,33153
PE,ETS (Holt-Winters),2027-05-01,10964,-18258,39760
PE,ETS (Holt-Winters),2027-06-01,12338,-16858,40474
PE,Seasonal Naive,2026-04-01,7501,-5205,20207
PE,Seasonal Naive,2026-05-01,9754,-2952,22460
PE,Seasonal Naive,2026-06-01,5179,-7527,17885
PE,Seasonal Naive,2026-07-01,7377,-5329,20083
PE,Seasonal Naive,2026-08-01,12692,-14,25398
PE,Seasonal Naive,2026-09-01,15602,2896,28308
PE,Seasonal Naive,2026-10-01,10596,-2110,23302
PE,Seasonal Naive,2026-11-01,8996,-3710,21702
PE,Seasonal Naive,2026-12-01,-9462,-22168,3244
PE,Seasonal Naive,2027-01-01,889,-11817,13595
PE,Seasonal Naive,2027-02-01,1143,-11563,13849
PE,Seasonal Naive,2027-03-01,3287,-9419,15993
PE,Seasonal Naive,2027-04-01,7501,-5205,20207
PE,Seasonal Naive,2027-05-01,9754,-2952,22460
PE,Seasonal Naive,2027-06-01,5179,-7527,17885
AL,SARIMA,2026-04-01,-1515,-6387,3356
AL,SARIMA,2026-05-01,-808,-6011,4394
AL,SARIMA,2026-06-01,2634,-2814,8082
AL,SARIMA,2026-07-01,2549,-2993,8091
AL,SARIMA,2026-08-01,3671,-1871,9212
AL,SARIMA,2026-09-01,14303,8762,19845
AL,SARIMA,2026-10-01,3799,-1742,9341
AL,SARIMA,2026-11-01,2654,-2886,8194
AL,SARIMA,2026-12-01,-1659,-7199,3880
AL,SARIMA,2027-01-01,-1132,-6661,4397
AL,SARIMA,2027-02-01,-2852,-8381,2676
AL,SARIMA,2027-03-01,-6294,-11823,-766
AL,SARIMA,2027-04-01,-1852,-7502,3798
AL,SARIMA,2027-05-01,-345,-6012,5322
AL,SARIMA,2027-06-01,2394,-3286,8074
AL,ETS (Holt-Winters),2026-04-01,-2902,-7948,1878
AL,ETS (Holt-Winters),2026-05-01,-402,-5097,4355
AL,ETS (Holt-Winters),2026-06-01,2483,-2314,7267
AL,ETS (Holt-Winters),2026-07-01,2472,-2552,7410
AL,ETS (Holt-Winters),2026-08-01,4012,-1242,9091
AL,ETS (Holt-Winters),2026-09-01,15698,10900,20899
AL,ETS (Holt-Winters),2026-10-01,3994,-1117,9265
AL,ETS (Holt-Winters),2026-11-01,2839,-1941,7467
AL,ETS (Holt-Winters),2026-12-01,-1401,-6521,3770
AL,ETS (Holt-Winters),2027-01-01,-1050,-6513,4183
AL,ETS (Holt-Winters),2027-02-01,-2888,-8475,2070
AL,ETS (Holt-Winters),2027-03-01,-6621,-11731,-1338
AL,ETS (Holt-Winters),2027-04-01,-2706,-8100,2760
AL,ETS (Holt-Winters),2027-05-01,-207,-5523,4850
AL,ETS (Holt-Winters),2027-06-01,2678,-2345,8299
AL,Seasonal Naive,2026-04-01,414,-6459,7287
AL,Seasonal Naive,2026-05-01,324,-6549,7197
AL,Seasonal Naive,2026-06-01,2245,-4628,9118
AL,Seasonal Naive,2026-07-01,3112,-3761,9985
AL,Seasonal Naive,2026-08-01,2803,-4070,9676
AL,Seasonal Naive,2026-09-01,13883,7010,20756
AL,Seasonal Naive,2026-10-01,4657,-2216,11530
AL,Seasonal Naive,2026-11-01,3046,-3827,9919
AL,Seasonal Naive,2026-12-01,-2949,-9822,3924
AL,Seasonal Naive,2027-01-01,-2922,-9795,3951
AL,Seasonal Naive,2027-02-01,-3023,-9896,3850
AL,Seasonal Naive,2027-03-01,-5243,-12116,1630
AL,Seasonal Naive,2027-04-01,414,-6459,7287
AL,Seasonal Naive,2027-05-01,324,-6549,7197
AL,Seasonal Naive,2027-06-01,2245,-4628,9118
SE,SARIMA,2026-04-01,2603,191,5014
SE,SARIMA,2026-05-01,1702,-755,4160
SE,SARIMA,2026-06-01,2362,-191,4914
SE,SARIMA,2026-07-01,1103,-1450,3655
SE,SARIMA,2026-08-01,2918,365,5470
SE,SARIMA,2026-09-01,6320,3768,8872
SE,SARIMA,2026-10-01,1808,-745,4360
SE,SARIMA,2026-11-01,2342,-210,4894
SE,SARIMA,2026-12-01,-1275,-3827,1277
SE,SARIMA,2027-01-01,534,-2018,3086
SE,SARIMA,2027-02-01,2288,-264,4840
SE,SARIMA,2027-03-01,-281,-2833,2272
SE,SARIMA,2027-04-01,2712,-96,5520
SE,SARIMA,2027-05-01,1971,-846,4788
SE,SARIMA,2027-06-01,2645,-192,5482
SE,ETS (Holt-Winters),2026-04-01,767,-1727,3344
SE,ETS (Holt-Winters),2026-05-01,798,-1914,3296
SE,ETS (Holt-Winters),2026-06-01,1769,-836,4624
SE,ETS (Holt-Winters),2026-07-01,1332,-1666,4171
SE,ETS (Holt-Winters),2026-08-01,2691,-190,5612
SE,ETS (Holt-Winters),2026-09-01,6217,3166,9335
SE,ETS (Holt-Winters),2026-10-01,2537,-588,5504
SE,ETS (Holt-Winters),2026-11-01,2579,-588,5698
SE,ETS (Holt-Winters),2026-12-01,-311,-3564,3085
SE,ETS (Holt-Winters),2027-01-01,887,-2147,4593
SE,ETS (Holt-Winters),2027-02-01,1896,-1554,5473
SE,ETS (Holt-Winters),2027-03-01,-269,-3805,3190
SE,ETS (Holt-Winters),2027-04-01,1148,-2178,4792
SE,ETS (Holt-Winters),2027-05-01,1180,-2471,4993
SE,ETS (Holt-Winters),2027-06-01,2150,-1680,6004
SE,Seasonal Naive,2026-04-01,2849,-43,5741
SE,Seasonal Naive,2026-05-01,1939,-953,4831
SE,Seasonal Naive,2026-06-01,2407,-485,5299
SE,Seasonal Naive,2026-07-01,121,-2771,3013
SE,Seasonal Naive,2026-08-01,2330,-562,5222
SE,Seasonal Naive,2026-09-01,5962,3070,8854
SE,Seasonal Naive,2026-10-01,1076,-1816,3968
SE,Seasonal Naive,2026-11-01,1974,-918,4866
SE,Seasonal Naive,2026-12-01,-2481,-5373,411
SE,Seasonal Naive,2027-01-01,293,-2599,3185
SE,Seasonal Naive,2027-02-01,2394,-498,5286
SE,Seasonal Naive,2027-03-01,-338,-3230,2554
SE,Seasonal Naive,2027-04-01,2849,-43,5741
SE,Seasonal Naive,2027-05-01,1939,-953,4831
SE,Seasonal Naive,2027-06-01,2407,-485,5299
BA,SARIMA,2026-04-01,17746,5661,29831
BA,SARIMA,2026-05-01,15675,1247,30104
BA,SARIMA,2026-06-01,12534,-2783,27851
BA,SARIMA,2026-07-01,12766,-2914,28446
BA,SARIMA,2026-08-01,16342,510,32174
BA,SARIMA,2026-09-01,15565,-330,31461
BA,SARIMA,2026-10-01,7162,-8761,23085
BA,SARIMA,2026-11-01,11197,-4738,27131
BA,SARIMA,2026-12-01,-14608,-30548,1331
BA,SARIMA,2027-01-01,9260,-6682,25201
BA,SARIMA,2027-02-01,13560,-2382,29502
BA,SARIMA,2027-03-01,13023,-2920,28965
BA,SARIMA,2027-04-01,17601,604,34597
BA,SARIMA,2027-05-01,16078,-1347,33503
BA,SARIMA,2027-06-01,13294,-4311,30899
BA,ETS (Holt-Winters),2026-04-01,13531,502,26171
BA,ETS (Holt-Winters),2026-05-01,15242,-2272,31899
BA,ETS (Holt-Winters),2026-06-01,14326,-7028,35195
BA,ETS (Holt-Winters),2026-07-01,14878,-8353,38506
BA,ETS (Holt-Winters),2026-08-01,19787,-6141,49399
BA,ETS (Holt-Winters),2026-09-01,19698,-7126,48935
BA,ETS (Holt-Winters),2026-10-01,13688,-14536,46239
BA,ETS (Holt-Winters),2026-11-01,15861,-15839,50294
BA,ETS (Holt-Winters),2026-12-01,-7600,-41749,29368
BA,ETS (Holt-Winters),2027-01-01,12709,-23114,50273
BA,ETS (Holt-Winters),2027-02-01,17062,-20525,57318
BA,ETS (Holt-Winters),2027-03-01,12536,-25352,56307
BA,ETS (Holt-Winters),2027-04-01,13394,-28920,56619
BA,ETS (Holt-Winters),2027-05-01,15104,-27502,60532
BA,ETS (Holt-Winters),2027-06-01,14188,-29301,60125
BA,Seasonal Naive,2026-04-01,14353,-4011,32717
BA,Seasonal Naive,2026-05-01,12858,-5506,31222
BA,Seasonal Naive,2026-06-01,7984,-10380,26348
BA,Seasonal Naive,2026-07-01,9436,-8928,27800
BA,Seasonal Naive,2026-08-01,11015,-7349,29379
BA,Seasonal Naive,2026-09-01,11350,-7014,29714
BA,Seasonal Naive,2026-10-01,4449,-13915,22813
BA,Seasonal Naive,2026-11-01,8763,-9601,27127
BA,Seasonal Naive,2026-12-01,-19498,-37862,-1134
BA,Seasonal Naive,2027-01-01,6124,-12240,24488
BA,Seasonal Naive,2027-02-01,6890,-11474,25254
BA,Seasonal Naive,2027-03-01,14008,-4356,32372
BA,Seasonal Naive,2027-04-01,14353,-4011,32717
BA,Seasonal Naive,2027-05-01,12858,-5506,31222
BA,Seasonal Naive,2027-06-01,7984,-10380,26348
MG,SARIMA,2026-04-01,36170,5366,66974
MG,SARIMA,2026-05-01,27403,-10326,65132
MG,SARIMA,2026-06-01,30287,-10467,71040
MG,SARIMA,2026-07-01,10504,-31681,52688
MG,SARIMA,2026-08-01,9547,-33335,52430
MG,SARIMA,2026-09-01,15138,-28090,58365
MG,SARIMA,2026-10-01,162,-43237,43561
MG,SARIMA,2026-11-01,-3605,-47090,39879
MG,SARIMA,2026-12-01,-66659,-110186,-23132
MG,SARIMA,2027-01-01,7253,-36295,50802
MG,SARIMA,2027-02-01,31891,-11668,75450
MG,SARIMA,2027-03-01,33998,-9567,77562
MG,SARIMA,2027-04-01,32742,-14945,80429
MG,SARIMA,2027-05-01,24979,-24641,74599
MG,SARIMA,2027-06-01,28572,-21987,79132
MG,ETS (Holt-Winters),2026-04-01,19105,-12338,53550
MG,ETS (Holt-Winters),2026-05-01,30389,-13340,72835
MG,ETS (Holt-Winters),2026-06-01,36937,-20222,93136
MG,ETS (Holt-Winters),2026-07-01,27816,-35730,95368
MG,ETS (Holt-Winters),2026-08-01,30923,-35263,98272
MG,ETS (Holt-Winters),2026-09-01,29796,-44791,109760
MG,ETS (Holt-Winters),2026-10-01,19200,-62130,103415
MG,ETS (Holt-Winters),2026-11-01,16538,-72965,105970
MG,ETS (Holt-Winters),2026-12-01,-39135,-134442,51703
MG,ETS (Holt-Winters),2027-01-01,12256,-81178,110436
MG,ETS (Holt-Winters),2027-02-01,39532,-60670,138781
MG,ETS (Holt-Winters),2027-03-01,32596,-68863,134372
MG,ETS (Holt-Winters),2027-04-01,15282,-89646,116579
MG,ETS (Holt-Winters),2027-05-01,26566,-82938,138108
MG,ETS (Holt-Winters),2027-06-01,33114,-80763,149652
MG,Seasonal Naive,2026-04-01,29083,-14047,72213
MG,Seasonal Naive,2026-05-01,20287,-22843,63417
MG,Seasonal Naive,2026-06-01,24228,-18902,67358
MG,Seasonal Naive,2026-07-01,3497,-39633,46627
MG,Seasonal Naive,2026-08-01,1214,-41916,44344
MG,Seasonal Naive,2026-09-01,11785,-31345,54915
MG,Seasonal Naive,2026-10-01,-4802,-47932,38328
MG,Seasonal Naive,2026-11-01,-8740,-51870,34390
MG,Seasonal Naive,2026-12-01,-72755,-115885,-29625
MG,Seasonal Naive,2027-01-01,7425,-35705,50555
MG,Seasonal Naive,2027-02-01,22874,-20256,66004
MG,Seasonal Naive,2027-03-01,38845,-4285,81975
MG,Seasonal Naive,2027-04-01,29083,-14047,72213
MG,Seasonal Naive,2027-05-01,20287,-22843,63417
MG,Seasonal Naive,2027-06-01,24228,-18902,67358
ES,SARIMA,2026-04-01,10199,3010,17389
ES,SARIMA,2026-05-01,9331,1092,17571
ES,SARIMA,2026-06-01,-1044,-9586,7498
ES,SARIMA,2026-07-01,-1077,-9712,7557
ES,SARIMA,2026-08-01,1691,-6972,10355
ES,SARIMA,2026-09-01,4607,-4066,13279
ES,SARIMA,2026-10-01,1455,-7220,10130
ES,SARIMA,2026-11-01,1192,-7484,9869
ES,SARIMA,2026-12-01,-8721,-17397,-44
ES,SARIMA,2027-01-01,2104,-6573,10780
ES,SARIMA,2027-02-01,3958,-4719,12635
ES,SARIMA,2027-03-01,5723,-2954,14400
ES,SARIMA,2027-04-01,9265,-456,18985
ES,SARIMA,2027-05-01,8808,-1217,18834
ES,SARIMA,2027-06-01,-1337,-11456,8782
ES,ETS (Holt-Winters),2026-04-01,7509,-944,15583
ES,ETS (Holt-Winters),2026-05-01,13051,2363,24312
ES,ETS (Holt-Winters),2026-06-01,4685,-7955,18672
ES,ETS (Holt-Winters),2026-07-01,4410,-10266,19928
ES,ETS (Holt-Winters),2026-08-01,6943,-9400,24266
ES,ETS (Holt-Winters),2026-09-01,9138,-8849,27318
ES,ETS (Holt-Winters),2026-10-01,7183,-12739,26744
ES,ETS (Holt-Winters),2026-11-01,8004,-12735,29458
ES,ETS (Holt-Winters),2026-12-01,-3517,-26147,19114
ES,ETS (Holt-Winters),2027-01-01,5121,-17257,28963
ES,ETS (Holt-Winters),2027-02-01,7392,-16507,30474
ES,ETS (Holt-Winters),2027-03-01,6175,-18136,29817
ES,ETS (Holt-Winters),2027-04-01,6877,-18434,33266
ES,ETS (Holt-Winters),2027-05-01,12419,-14528,37873
ES,ETS (Holt-Winters),2027-06-01,4052,-24124,31347
ES,Seasonal Naive,2026-04-01,8553,-188,17294
ES,Seasonal Naive,2026-05-01,7294,-1447,16035
ES,Seasonal Naive,2026-06-01,-3348,-12089,5393
ES,Seasonal Naive,2026-07-01,-2381,-11122,6360
ES,Seasonal Naive,2026-08-01,906,-7835,9647
ES,Seasonal Naive,2026-09-01,3793,-4948,12534
ES,Seasonal Naive,2026-10-01,-296,-9037,8445
ES,Seasonal Naive,2026-11-01,1009,-7732,9750
ES,Seasonal Naive,2026-12-01,-9972,-18713,-1231
ES,Seasonal Naive,2027-01-01,2434,-6307,11175
ES,Seasonal Naive,2027-02-01,2846,-5895,11587
ES,Seasonal Naive,2027-03-01,7392,-1349,16133
ES,Seasonal Naive,2027-04-01,8553,-188,17294
ES,Seasonal Naive,2027-05-01,7294,-1447,16035
ES,Seasonal Naive,2027-06-01,-3348,-12089,5393
RJ,SARIMA,2026-04-01,19205,-4351,42762
RJ,SARIMA,2026-05-01,17042,-9282,43367
RJ,SARIMA,2026-06-01,19004,-9824,47832
RJ,SARIMA,2026-07-01,12780,-18350,43911
RJ,SARIMA,2026-08-01,21807,-11467,55081
RJ,SARIMA,2026-09-01,20849,-14440,56137
RJ,SARIMA,2026-10-01,14463,-22730,51656
RJ,SARIMA,2026-11-01,23899,-15106,62904
RJ,SARIMA,2026-12-01,-12145,-52881,28591
RJ,SARIMA,2027-01-01,-5120,-47517,37277
RJ,SARIMA,2027-02-01,21819,-22176,65814
RJ,SARIMA,2027-03-01,18243,-27294,63780
RJ,SARIMA,2027-04-01,20996,-29767,71759
RJ,SARIMA,2027-05-01,18833,-34726,72392
RJ,SARIMA,2027-06-01,20794,-35422,77011
RJ,ETS (Holt-Winters),2026-04-01,14158,-10527,43835
RJ,ETS (Holt-Winters),2026-05-01,18200,-15429,53196
RJ,ETS (Holt-Winters),2026-06-01,19870,-15192,59862
RJ,ETS (Holt-Winters),2026-07-01,17285,-21706,58576
RJ,ETS (Holt-Winters),2026-08-01,25178,-17939,71359
RJ,ETS (Holt-Winters),2026-09-01,22497,-24118,72446
RJ,ETS (Holt-Winters),2026-10-01,19985,-29732,70544
RJ,ETS (Holt-Winters),2026-11-01,31653,-21836,86861
RJ,ETS (Holt-Winters),2026-12-01,-1936,-57506,52898
RJ,ETS (Holt-Winters),2027-01-01,1535,-59601,66670
RJ,ETS (Holt-Winters),2027-02-01,20597,-43933,86160
RJ,ETS (Holt-Winters),2027-03-01,16103,-52282,83702
RJ,ETS (Holt-Winters),2027-04-01,12543,-58650,82725
RJ,ETS (Holt-Winters),2027-05-01,16585,-55991,88160
RJ,ETS (Holt-Winters),2027-06-01,18255,-58202,89538
RJ,Seasonal Naive,2026-04-01,20031,-14183,54245
RJ,Seasonal Naive,2026-05-01,13642,-20572,47856
RJ,Seasonal Naive,2026-06-01,15363,-18851,49577
RJ,Seasonal Naive,2026-07-01,6119,-28095,40333
RJ,Seasonal Naive,2026-08-01,16128,-18086,50342
RJ,Seasonal Naive,2026-09-01,16009,-18205,50223
RJ,Seasonal Naive,2026-10-01,7437,-26777,41651
RJ,Seasonal Naive,2026-11-01,19961,-14253,54175
RJ,Seasonal Naive,2026-12-01,-23591,-57805,10623
RJ,Seasonal Naive,2027-01-01,-13009,-47223,21205
RJ,Seasonal Naive,2027-02-01,11436,-22778,45650
RJ,Seasonal Naive,2027-03-01,23914,-10300,58128
RJ,Seasonal Naive,2027-04-01,20031,-14183,54245
RJ,Seasonal Naive,2027-05-01,13642,-20572,47856
RJ,Seasonal Naive,2027-06-01,15363,-18851,49577
SP,SARIMA,2026-04-01,88965,17301,160630
SP,SARIMA,2026-05-01,50913,-38283,140109
SP,SARIMA,2026-06-01,50812,-46678,148303
SP,SARIMA,2026-07-01,52824,-48934,154582
SP,SARIMA,2026-08-01,56016,-48011,160042
SP,SARIMA,2026-09-01,53953,-51298,159205
SP,SARIMA,2026-10-01,32801,-73117,138719
SP,SARIMA,2026-11-01,36774,-69508,143056
SP,SARIMA,2026-12-01,-209327,-315809,-102845
SP,SARIMA,2027-01-01,23440,-83152,130031
SP,SARIMA,2027-02-01,102634,-4017,209285
SP,SARIMA,2027-03-01,66000,-40685,172684
SP,SARIMA,2027-04-01,85551,-34072,205173
SP,SARIMA,2027-05-01,47881,-78283,174045
SP,SARIMA,2027-06-01,49375,-80240,178991
SP,ETS (Holt-Winters),2026-04-01,50497,-40547,145501
SP,ETS (Holt-Winters),2026-05-01,83771,-47121,218663
SP,ETS (Holt-Winters),2026-06-01,89526,-76756,239192
SP,ETS (Holt-Winters),2026-07-01,96895,-86909,284391
SP,ETS (Holt-Winters),2026-08-01,110188,-95616,314418
SP,ETS (Holt-Winters),2026-09-01,108377,-108598,335704
SP,ETS (Holt-Winters),2026-10-01,109893,-125975,354033
SP,ETS (Holt-Winters),2026-11-01,123918,-133163,371964
SP,ETS (Holt-Winters),2026-12-01,-99537,-377946,170895
SP,ETS (Holt-Winters),2027-01-01,84552,-209970,357847
SP,ETS (Holt-Winters),2027-02-01,142286,-158508,438534
SP,ETS (Holt-Winters),2027-03-01,86004,-222865,406032
SP,ETS (Holt-Winters),2027-04-01,68917,-252191,400749
SP,ETS (Holt-Winters),2027-05-01,102191,-251968,436834
SP,ETS (Holt-Winters),2027-06-01,107946,-242144,453526
SP,Seasonal Naive,2026-04-01,72283,-38765,183331
SP,Seasonal Naive,2026-05-01,33313,-77735,144361
SP,Seasonal Naive,2026-06-01,40089,-70959,151137
SP,Seasonal Naive,2026-07-01,42798,-68250,153846
SP,Seasonal Naive,2026-08-01,45450,-65598,156498
SP,Seasonal Naive,2026-09-01,49052,-61996,160100
SP,Seasonal Naive,2026-10-01,18456,-92592,129504
SP,Seasonal Naive,2026-11-01,31104,-79944,142152
SP,Seasonal Naive,2026-12-01,-224282,-335330,-113234
SP,Seasonal Naive,2027-01-01,16451,-94597,127499
SP,Seasonal Naive,2027-02-01,95896,-15152,206944
SP,Seasonal Naive,2027-03-01,67876,-43172,178924
SP,Seasonal Naive,2027-04-01,72283,-38765,183331
SP,Seasonal Naive,2027-05-01,33313,-77735,144361
SP,Seasonal Naive,2027-06-01,40089,-70959,151137
PR,SARIMA,2026-04-01,15817,-3535,35170
PR,SARIMA,2026-05-01,8804,-12657,30264
PR,SARIMA,2026-06-01,10988,-12422,34398
PR,SARIMA,2026-07-01,10526,-13861,34913
PR,SARIMA,2026-08-01,9591,-15442,34624
PR,SARIMA,2026-09-01,12864,-12560,38287
PR,SARIMA,2026-10-01,9849,-15822,35520
PR,SARIMA,2026-11-01,3754,-22074,29581
PR,SARIMA,2026-12-01,-44944,-70870,-19018
PR,SARIMA,2027-01-01,17560,-8428,43548
PR,SARIMA,2027-02-01,27470,1442,53498
PR,SARIMA,2027-03-01,13287,-12766,39340
PR,SARIMA,2027-04-01,16091,-12695,44878
PR,SARIMA,2027-05-01,8292,-21146,37730
PR,SARIMA,2027-06-01,10812,-19242,40866
PR,ETS (Holt-Winters),2026-04-01,11771,-9543,35865
PR,ETS (Holt-Winters),2026-05-01,12600,-13255,43124
PR,ETS (Holt-Winters),2026-06-01,14624,-19389,48705
PR,ETS (Holt-Winters),2026-07-01,15180,-22021,55523
PR,ETS (Holt-Winters),2026-08-01,19100,-22847,64204
PR,ETS (Holt-Winters),2026-09-01,16443,-27748,63673
PR,ETS (Holt-Winters),2026-10-01,18783,-28454,70098
PR,ETS (Holt-Winters),2026-11-01,13961,-38388,66981
PR,ETS (Holt-Winters),2026-12-01,-28604,-83381,28655
PR,ETS (Holt-Winters),2027-01-01,15620,-42116,77303
PR,ETS (Holt-Winters),2027-02-01,29317,-31442,92052
PR,ETS (Holt-Winters),2027-03-01,9791,-51567,71711
PR,ETS (Holt-Winters),2027-04-01,7869,-58459,75716
PR,ETS (Holt-Winters),2027-05-01,8697,-63434,77813
PR,ETS (Holt-Winters),2027-06-01,10722,-61866,83004
PR,Seasonal Naive,2026-04-01,18606,-6664,43876
PR,Seasonal Naive,2026-05-01,6866,-18404,32136
PR,Seasonal Naive,2026-06-01,9377,-15893,34647
PR,Seasonal Naive,2026-07-01,8140,-17130,33410
PR,Seasonal Naive,2026-08-01,6079,-19191,31349
PR,Seasonal Naive,2026-09-01,12046,-13224,37316
PR,Seasonal Naive,2026-10-01,7961,-17309,33231
PR,Seasonal Naive,2026-11-01,1753,-23517,27023
PR,Seasonal Naive,2026-12-01,-51087,-76357,-25817
PR,Seasonal Naive,2027-01-01,18306,-6964,43576
PR,Seasonal Naive,2027-02-01,21599,-3671,46869
PR,Seasonal Naive,2027-03-01,15823,-9447,41093
PR,Seasonal Naive,2027-04-01,18606,-6664,43876
PR,Seasonal Naive,2027-05-01,6866,-18404,32136
PR,Seasonal Naive,2027-06-01,9377,-15893,34647
SC,SARIMA,2026-04-01,13073,-4183,30329
SC,SARIMA,2026-05-01,3942,-15993,23876
SC,SARIMA,2026-06-01,8116,-13268,29501
SC,SARIMA,2026-07-01,6256,-15955,28467
SC,SARIMA,2026-08-01,4346,-18347,27040
SC,SARIMA,2026-09-01,12636,-10344,35615
SC,SARIMA,2026-10-01,8853,-14296,32002
SC,SARIMA,2026-11-01,6873,-16378,30124
SC,SARIMA,2026-12-01,-44518,-67830,-21206
SC,SARIMA,2027-01-01,21695,-1653,45044
SC,SARIMA,2027-02-01,24982,1611,48352
SC,SARIMA,2027-03-01,14632,-8752,38015
SC,SARIMA,2027-04-01,12591,-12871,38054
SC,SARIMA,2027-05-01,3175,-22974,29323
SC,SARIMA,2027-06-01,8199,-18353,34751
SC,ETS (Holt-Winters),2026-04-01,3626,-18523,28166
SC,ETS (Holt-Winters),2026-05-01,5687,-23788,36205
SC,ETS (Holt-Winters),2026-06-01,9076,-24343,42942
SC,ETS (Holt-Winters),2026-07-01,7783,-28397,44274
SC,ETS (Holt-Winters),2026-08-01,10857,-32020,51872
SC,ETS (Holt-Winters),2026-09-01,14761,-33527,61174
SC,ETS (Holt-Winters),2026-10-01,12199,-38471,60731
SC,ETS (Holt-Winters),2026-11-01,9067,-44960,60545
SC,ETS (Holt-Winters),2026-12-01,-41095,-96685,16750
SC,ETS (Holt-Winters),2027-01-01,17295,-40887,80034
SC,ETS (Holt-Winters),2027-02-01,18735,-41667,80010
SC,ETS (Holt-Winters),2027-03-01,5760,-58531,69667
SC,ETS (Holt-Winters),2027-04-01,-5512,-70035,60110
SC,ETS (Holt-Winters),2027-05-01,-3451,-70613,67123
SC,ETS (Holt-Winters),2027-06-01,-62,-69849,72848
SC,Seasonal Naive,2026-04-01,10460,-17513,38433
SC,Seasonal Naive,2026-05-01,366,-27607,28339
SC,Seasonal Naive,2026-06-01,6538,-21435,34511
SC,Seasonal Naive,2026-07-01,2773,-25200,30746
SC,Seasonal Naive,2026-08-01,315,-27658,28288
SC,Seasonal Naive,2026-09-01,11366,-16607,39339
SC,Seasonal Naive,2026-10-01,6142,-21831,34115
SC,Seasonal Naive,2026-11-01,5188,-22785,33161
SC,Seasonal Naive,2026-12-01,-47948,-75921,-19975
SC,Seasonal Naive,2027-01-01,19000,-8973,46973
SC,Seasonal Naive,2027-02-01,21727,-6246,49700
SC,Seasonal Naive,2027-03-01,16868,-11105,44841
SC,Seasonal Naive,2027-04-01,10460,-17513,38433
SC,Seasonal Naive,2027-05-01,366,-27607,28339
SC,Seasonal Naive,2027-06-01,6538,-21435,34511
RS,SARIMA,2026-04-01,5529,-12224,23281
RS,SARIMA,2026-05-01,-8423,-29026,12179
RS,SARIMA,2026-06-01,-2240,-24246,19765
RS,SARIMA,2026-07-01,703,-22033,23440
RS,SARIMA,2026-08-01,1320,-21806,24446
RS,SARIMA,2026-09-01,4833,-18504,28169
RS,SARIMA,2026-10-01,4801,-18650,28251
RS,SARIMA,2026-11-01,7309,-16204,30822
RS,SARIMA,2026-12-01,-33196,-56743,-9649
RS,SARIMA,2027-01-01,20077,-3489,43642
RS,SARIMA,2027-02-01,25676,2101,49252
RS,SARIMA,2027-03-01,6257,-17324,29838
RS,SARIMA,2027-04-01,6970,-18990,32931
RS,SARIMA,2027-05-01,-7357,-34107,19393
RS,SARIMA,2027-06-01,-1452,-28624,25720
RS,ETS (Holt-Winters),2026-04-01,-3069,-27129,22142
RS,ETS (Holt-Winters),2026-05-01,-11331,-40421,18149
RS,ETS (Holt-Winters),2026-06-01,-5087,-38714,29241
RS,ETS (Holt-Winters),2026-07-01,-1549,-39580,35778
RS,ETS (Holt-Winters),2026-08-01,-298,-39317,39126
RS,ETS (Holt-Winters),2026-09-01,1425,-41505,46977
RS,ETS (Holt-Winters),2026-10-01,6449,-40873,57798
RS,ETS (Holt-Winters),2026-11-01,5284,-44363,54664
RS,ETS (Holt-Winters),2026-12-01,-33270,-86685,19218
RS,ETS (Holt-Winters),2027-01-01,6151,-46832,63697
RS,ETS (Holt-Winters),2027-02-01,12088,-46389,69318
RS,ETS (Holt-Winters),2027-03-01,-2285,-60568,61081
RS,ETS (Holt-Winters),2027-04-01,-10828,-69973,52632
RS,ETS (Holt-Winters),2027-05-01,-19090,-81900,44495
RS,ETS (Holt-Winters),2027-06-01,-12846,-76749,56095
RS,Seasonal Naive,2026-04-01,8678,-19211,36567
RS,Seasonal Naive,2026-05-01,-115,-28004,27774
RS,Seasonal Naive,2026-06-01,2443,-25446,30332
RS,Seasonal Naive,2026-07-01,424,-27465,28313
RS,Seasonal Naive,2026-08-01,-1648,-29537,26241
RS,Seasonal Naive,2026-09-01,3890,-23999,31779
RS,Seasonal Naive,2026-10-01,-256,-28145,27633
RS,Seasonal Naive,2026-11-01,4635,-23254,32524
RS,Seasonal Naive,2026-12-01,-36707,-64596,-8818
RS,Seasonal Naive,2027-01-01,18421,-9468,46310
RS,Seasonal Naive,2027-02-01,24392,-3497,52281
RS,Seasonal Naive,2027-03-01,4054,-23835,31943
RS,Seasonal Naive,2027-04-01,8678,-19211,36567
RS,Seasonal Naive,2027-05-01,-115,-28004,27774
RS,Seasonal Naive,2027-06-01,2443,-25446,30332
MS,SARIMA,2026-04-01,4681,777,8584
MS,SARIMA,2026-05-01,2860,-1456,7175
MS,SARIMA,2026-06-01,2473,-2100,7046
MS,SARIMA,2026-07-01,2340,-2398,7079
MS,SARIMA,2026-08-01,2548,-2300,7396
MS,SARIMA,2026-09-01,1732,-3189,6652
MS,SARIMA,2026-10-01,962,-4006,5930
MS,SARIMA,2026-11-01,-530,-5531,4471
MS,SARIMA,2026-12-01,-12582,-17605,-7560
MS,SARIMA,2027-01-01,3665,-1372,8702
MS,SARIMA,2027-02-01,7140,2092,12187
MS,SARIMA,2027-03-01,2542,-2511,7596
MS,SARIMA,2027-04-01,5151,-460,10762
MS,SARIMA,2027-05-01,2983,-2759,8726
MS,SARIMA,2027-06-01,2596,-3234,8426
MS,ETS (Holt-Winters),2026-04-01,1437,-3055,5725
MS,ETS (Holt-Winters),2026-05-01,2464,-2013,7340
MS,ETS (Holt-Winters),2026-06-01,2444,-2493,7605
MS,ETS (Holt-Winters),2026-07-01,2623,-2820,8144
MS,ETS (Holt-Winters),2026-08-01,2570,-3067,8841
MS,ETS (Holt-Winters),2026-09-01,2134,-3059,7793
MS,ETS (Holt-Winters),2026-10-01,1847,-3998,7986
MS,ETS (Holt-Winters),2026-11-01,1127,-5204,7866
MS,ETS (Holt-Winters),2026-12-01,-8589,-14978,-1343
MS,ETS (Holt-Winters),2027-01-01,3485,-2880,10665
MS,ETS (Holt-Winters),2027-02-01,6506,-375,13933
MS,ETS (Holt-Winters),2027-03-01,3388,-3850,11403
MS,ETS (Holt-Winters),2027-04-01,1725,-5826,9946
MS,ETS (Holt-Winters),2027-05-01,2752,-4681,10760
MS,ETS (Holt-Winters),2027-06-01,2732,-5199,11373
MS,Seasonal Naive,2026-04-01,5701,620,10782
MS,Seasonal Naive,2026-05-01,3087,-1994,8168
MS,Seasonal Naive,2026-06-01,2709,-2372,7790
MS,Seasonal Naive,2026-07-01,3023,-2058,8104
MS,Seasonal Naive,2026-08-01,2718,-2363,7799
MS,Seasonal Naive,2026-09-01,1379,-3702,6460
MS,Seasonal Naive,2026-10-01,880,-4201,5961
MS,Seasonal Naive,2026-11-01,-941,-6022,4140
MS,Seasonal Naive,2026-12-01,-11281,-16362,-6200
MS,Seasonal Naive,2027-01-01,3936,-1145,9017
MS,Seasonal Naive,2027-02-01,6157,1076,11238
MS,Seasonal Naive,2027-03-01,3554,-1527,8635
MS,Seasonal Naive,2027-04-01,5701,620,10782
MS,Seasonal Naive,2027-05-01,3087,-1994,8168
MS,Seasonal Naive,2027-06-01,2709,-2372,7790
MT,SARIMA,2026-04-01,4137,-1552,9827
MT,SARIMA,2026-05-01,2012,-4080,8103
MT,SARIMA,2026-06-01,9443,3187,15699
MT,SARIMA,2026-07-01,9455,2844,16067
MT,SARIMA,2026-08-01,2550,-4227,9327
MT,SARIMA,2026-09-01,3639,-3232,10511
MT,SARIMA,2026-10-01,-1937,-8896,5023
MT,SARIMA,2026-11-01,-5909,-12926,1108
MT,SARIMA,2026-12-01,-19103,-26159,-12048
MT,SARIMA,2027-01-01,18671,11587,25755
MT,SARIMA,2027-02-01,4693,-2412,11797
MT,SARIMA,2027-03-01,-1761,-8880,5357
MT,SARIMA,2027-04-01,4100,-5255,13455
MT,SARIMA,2027-05-01,1979,-7703,11661
MT,SARIMA,2027-06-01,9416,-414,19246
MT,ETS (Holt-Winters),2026-04-01,2176,-5035,9927
MT,ETS (Holt-Winters),2026-05-01,1163,-5779,9073
MT,ETS (Holt-Winters),2026-06-01,7686,204,15608
MT,ETS (Holt-Winters),2026-07-01,6098,-2259,13798
MT,ETS (Holt-Winters),2026-08-01,742,-7304,9041
MT,ETS (Holt-Winters),2026-09-01,1195,-7532,10808
MT,ETS (Holt-Winters),2026-10-01,-2822,-11616,6530
MT,ETS (Holt-Winters),2026-11-01,-7252,-16428,2583
MT,ETS (Holt-Winters),2026-12-01,-18521,-27922,-9219
MT,ETS (Holt-Winters),2027-01-01,18756,9133,28832
MT,ETS (Holt-Winters),2027-02-01,6045,-3474,16242
MT,ETS (Holt-Winters),2027-03-01,-3469,-12266,9487
MT,ETS (Holt-Winters),2027-04-01,2243,-9151,14990
MT,ETS (Holt-Winters),2027-05-01,1230,-10650,14746
MT,ETS (Holt-Winters),2027-06-01,7753,-4947,20186
MT,Seasonal Naive,2026-04-01,4142,-3307,11591
MT,Seasonal Naive,2026-05-01,3013,-4436,10462
MT,Seasonal Naive,2026-06-01,9388,1939,16837
MT,Seasonal Naive,2026-07-01,9540,2091,16989
MT,Seasonal Naive,2026-08-01,2817,-4632,10266
MT,Seasonal Naive,2026-09-01,3737,-3712,11186
MT,Seasonal Naive,2026-10-01,-1851,-9300,5598
MT,Seasonal Naive,2026-11-01,-5802,-13251,1647
MT,Seasonal Naive,2026-12-01,-19030,-26479,-11581
MT,Seasonal Naive,2027-01-01,18731,11282,26180
MT,Seasonal Naive,2027-02-01,4749,-2700,12198
MT,Seasonal Naive,2027-03-01,-1716,-9165,5733
MT,Seasonal Naive,2027-04-01,4142,-3307,11591
MT,Seasonal Naive,2027-05-01,3013,-4436,10462
MT,Seasonal Naive,2027-06-01,9388,1939,16837
GO,SARIMA,2026-04-01,14632,4037,25227
GO,SARIMA,2026-05-01,3605,-7993,15204
GO,SARIMA,2026-06-01,7819,-4605,20243
GO,SARIMA,2026-07-01,6978,-5811,19767
GO,SARIMA,2026-08-01,4146,-8855,17147
GO,SARIMA,2026-09-01,5672,-7441,18786
GO,SARIMA,2026-10-01,-1300,-14476,11876
GO,SARIMA,2026-11-01,-7700,-20911,5510
GO,SARIMA,2026-12-01,-21099,-34329,-7870
GO,SARIMA,2027-01-01,11996,-1244,25236
GO,SARIMA,2027-02-01,14787,1541,28033
GO,SARIMA,2027-03-01,12464,-785,25713
GO,SARIMA,2027-04-01,14414,-923,29752
GO,SARIMA,2027-05-01,3075,-12658,18808
GO,SARIMA,2027-06-01,8033,-8038,24103
GO,ETS (Holt-Winters),2026-04-01,10929,-1504,22254
GO,ETS (Holt-Winters),2026-05-01,7857,-6258,20407
GO,ETS (Holt-Winters),2026-06-01,10185,-5793,23685
GO,ETS (Holt-Winters),2026-07-01,8778,-7937,24695
GO,ETS (Holt-Winters),2026-08-01,7894,-9637,24699
GO,ETS (Holt-Winters),2026-09-01,6627,-12413,25335
GO,ETS (Holt-Winters),2026-10-01,2232,-16360,21939
GO,ETS (Holt-Winters),2026-11-01,-1795,-23128,18813
GO,ETS (Holt-Winters),2026-12-01,-11991,-33564,8946
GO,ETS (Holt-Winters),2027-01-01,11824,-12455,34289
GO,ETS (Holt-Winters),2027-02-01,13833,-9742,37000
GO,ETS (Holt-Winters),2027-03-01,8388,-17605,32462
GO,ETS (Holt-Winters),2027-04-01,9687,-16621,34905
GO,ETS (Holt-Winters),2027-05-01,6615,-21193,32342
GO,ETS (Holt-Winters),2027-06-01,8943,-18045,35924
GO,Seasonal Naive,2026-04-01,14780,1966,27594
GO,Seasonal Naive,2026-05-01,1447,-11367,14261
GO,Seasonal Naive,2026-06-01,7914,-4900,20728
GO,Seasonal Naive,2026-07-01,6951,-5863,19765
GO,Seasonal Naive,2026-08-01,2949,-9865,15763
GO,Seasonal Naive,2026-09-01,5737,-7077,18551
GO,Seasonal Naive,2026-10-01,-2327,-15141,10487
GO,Seasonal Naive,2026-11-01,-8413,-21227,4401
GO,Seasonal Naive,2026-12-01,-22840,-35654,-10026
GO,Seasonal Naive,2027-01-01,10733,-2081,23547
GO,Seasonal Naive,2027-02-01,14557,1743,27371
GO,Seasonal Naive,2027-03-01,11681,-1133,24495
GO,Seasonal Naive,2027-04-01,14780,1966,27594
GO,Seasonal Naive,2027-05-01,1447,-11367,14261
GO,Seasonal Naive,2027-06-01,7914,-4900,20728
DF,SARIMA,2026-04-01,7546,1315,13777
DF,SARIMA,2026-05-01,4401,-2550,11351
DF,SARIMA,2026-06-01,5124,-1990,12239
DF,SARIMA,2026-07-01,4394,-2760,11549
DF,SARIMA,2026-08-01,5389,-1776,12553
DF,SARIMA,2026-09-01,6229,-938,13395
DF,SARIMA,2026-10-01,11263,4096,18430
DF,SARIMA,2026-11-01,5669,-1498,12836
DF,SARIMA,2026-12-01,-4871,-12038,2296
DF,SARIMA,2027-01-01,4924,-2243,12092
DF,SARIMA,2027-02-01,8378,1211,15545
DF,SARIMA,2027-03-01,6950,-217,14117
DF,SARIMA,2027-04-01,8055,292,15819
DF,SARIMA,2027-05-01,5044,-2859,12946
DF,SARIMA,2027-06-01,5833,-2102,13769
DF,ETS (Holt-Winters),2026-04-01,3943,-2882,10883
DF,ETS (Holt-Winters),2026-05-01,3826,-3557,11101
DF,ETS (Holt-Winters),2026-06-01,4900,-2349,12491
DF,ETS (Holt-Winters),2026-07-01,5922,-2348,13565
DF,ETS (Holt-Winters),2026-08-01,6958,-1106,14764
DF,ETS (Holt-Winters),2026-09-01,6956,-897,15447
DF,ETS (Holt-Winters),2026-10-01,8435,-44,17178
DF,ETS (Holt-Winters),2026-11-01,6424,-3039,15399
DF,ETS (Holt-Winters),2026-12-01,-3485,-12762,5320
DF,ETS (Holt-Winters),2027-01-01,5580,-3923,14731
DF,ETS (Holt-Winters),2027-02-01,9052,-1143,19633
DF,ETS (Holt-Winters),2027-03-01,5679,-4575,15778
DF,ETS (Holt-Winters),2027-04-01,5076,-5046,15212
DF,ETS (Holt-Winters),2027-05-01,4958,-4609,16316
DF,ETS (Holt-Winters),2027-06-01,6032,-4678,17012
DF,Seasonal Naive,2026-04-01,6738,-1496,14972
DF,Seasonal Naive,2026-05-01,2957,-5277,11191
DF,Seasonal Naive,2026-06-01,3865,-4369,12099
DF,Seasonal Naive,2026-07-01,1749,-6485,9983
DF,Seasonal Naive,2026-08-01,3045,-5189,11279
DF,Seasonal Naive,2026-09-01,3716,-4518,11950
DF,Seasonal Naive,2026-10-01,15467,7233,23701
DF,Seasonal Naive,2026-11-01,4337,-3897,12571
DF,Seasonal Naive,2026-12-01,-7381,-15615,853
DF,Seasonal Naive,2027-01-01,2012,-6222,10246
DF,Seasonal Naive,2027-02-01,6864,-1370,15098
DF,Seasonal Naive,2027-03-01,6711,-1523,14945
DF,Seasonal Naive,2027-04-01,6738,-1496,14972
DF,Seasonal Naive,2027-05-01,2957,-5277,11191
DF,Seasonal Naive,2027-06-01,3865,-4369,12099
