date,uf_code,uf,regiao,saldo
2020-01-01,11,RO,Norte,-343
2020-01-01,12,AC,Norte,130
2020-01-01,13,AM,Norte,893
2020-01-01,14,RR,Norte,322
2020-01-01,15,PA,Norte,459
2020-01-01,16,AP,Norte,-79
2020-01-01,17,TO,Norte,90
2020-01-01,21,MA,Nordeste,-25
2020-01-01,22,PI,Nordeste,-486
2020-01-01,23,CE,Nordeste,1644
2020-01-01,24,RN,Nordeste,-1353
2020-01-01,25,PB,Nordeste,-1312
2020-01-01,26,PE,Nordeste,-2756
2020-01-01,27,AL,Nordeste,-4257
2020-01-01,28,SE,Nordeste,257
2020-01-01,29,BA,Nordeste,2034
2020-01-01,31,MG,Sudeste,4165
2020-01-01,32,ES,Sudeste,297
2020-01-01,33,RJ,Sudeste,-11243
2020-01-01,35,SP,Sudeste,33057
2020-01-01,41,PR,Sul,16139
2020-01-01,42,SC,Sul,26194
2020-01-01,43,RS,Sul,11562
2020-01-01,50,MS,Centro-Oeste,1350
2020-01-01,51,MT,Centro-Oeste,8567
2020-01-01,52,GO,Centro-Oeste,6702
2020-01-01,53,DF,Centro-Oeste,663
2020-01-01,99,ND99,ND,7
2020-02-01,11,RO,Norte,649
2020-02-01,12,AC,Norte,857
2020-02-01,13,AM,Norte,1851
2020-02-01,14,RR,Norte,789
2020-02-01,15,PA,Norte,3764
2020-02-01,16,AP,Norte,298
2020-02-01,17,TO,Norte,1260
2020-02-01,21,MA,Nordeste,1822
2020-02-01,22,PI,Nordeste,839
2020-02-01,23,CE,Nordeste,6481
2020-02-01,24,RN,Nordeste,-2439
2020-02-01,25,PB,Nordeste,-2702
2020-02-01,26,PE,Nordeste,-1660
2020-02-01,27,AL,Nordeste,-8364
2020-02-01,28,SE,Nordeste,-2129
2020-02-01,29,BA,Nordeste,6814
2020-02-01,31,MG,Sudeste,25404
2020-02-01,32,ES,Sudeste,3616
2020-02-01,33,RJ,Sudeste,4221
2020-02-01,35,SP,Sudeste,68441
2020-02-01,41,PR,Sul,26360
2020-02-01,42,SC,Sul,18407
2020-02-01,43,RS,Sul,21193
2020-02-01,50,MS,Centro-Oeste,5513
2020-02-01,51,MT,Centro-Oeste,2960
2020-02-01,52,GO,Centro-Oeste,9477
2020-02-01,53,DF,Centro-Oeste,4650
2020-02-01,99,ND99,ND,-4
2020-03-01,11,RO,Norte,-764
2020-03-01,12,AC,Norte,56
2020-03-01,13,AM,Norte,-2608
2020-03-01,14,RR,Norte,472
2020-03-01,15,PA,Norte,-1769
2020-03-01,16,AP,Norte,-242
2020-03-01,17,TO,Norte,-86
2020-03-01,21,MA,Nordeste,-1143
2020-03-01,22,PI,Nordeste,86
2020-03-01,23,CE,Nordeste,-2684
2020-03-01,24,RN,Nordeste,-2053
2020-03-01,25,PB,Nordeste,-668
2020-03-01,26,PE,Nordeste,-24794
2020-03-01,27,AL,Nordeste,-5622
2020-03-01,28,SE,Nordeste,-2626
2020-03-01,29,BA,Nordeste,-13753
2020-03-01,31,MG,Sudeste,-16485
2020-03-01,32,ES,Sudeste,-3948
2020-03-01,33,RJ,Sudeste,-29122
2020-03-01,35,SP,Sudeste,-78240
2020-03-01,41,PR,Sul,-12990
2020-03-01,42,SC,Sul,-6946
2020-03-01,43,RS,Sul,-13451
2020-03-01,50,MS,Centro-Oeste,-321
2020-03-01,51,MT,Centro-Oeste,-2731
2020-03-01,52,GO,Centro-Oeste,-1601
2020-03-01,53,DF,Centro-Oeste,-8278
2020-03-01,99,ND99,ND,-5
2020-04-01,11,RO,Norte,-5043
2020-04-01,12,AC,Norte,-284
2020-04-01,13,AM,Norte,-9086
2020-04-01,14,RR,Norte,-1097
2020-04-01,15,PA,Norte,-9666
2020-04-01,16,AP,Norte,-858
2020-04-01,17,TO,Norte,-2686
2020-04-01,21,MA,Nordeste,-5953
2020-04-01,22,PI,Nordeste,-5612
2020-04-01,23,CE,Nordeste,-31085
2020-04-01,24,RN,Nordeste,-8778
2020-04-01,25,PB,Nordeste,-8693
2020-04-01,26,PE,Nordeste,-26212
2020-04-01,27,AL,Nordeste,-7690
2020-04-01,28,SE,Nordeste,-5113
2020-04-01,29,BA,Nordeste,-35098
2020-04-01,31,MG,Sudeste,-93863
2020-04-01,32,ES,Sudeste,-18741
2020-04-01,33,RJ,Sudeste,-84490
2020-04-01,35,SP,Sudeste,-272471
2020-04-01,41,PR,Sul,-58685
2020-04-01,42,SC,Sul,-75426
2020-04-01,43,RS,Sul,-77576
2020-04-01,50,MS,Centro-Oeste,-7577
2020-04-01,51,MT,Centro-Oeste,-12773
2020-04-01,52,GO,Centro-Oeste,-21434
2020-04-01,53,DF,Centro-Oeste,-16327
2020-04-01,99,ND99,ND,0
2020-05-01,11,RO,Norte,-1286
2020-05-01,12,AC,Norte,106
2020-05-01,13,AM,Norte,-4976
2020-05-01,14,RR,Norte,-380
2020-05-01,15,PA,Norte,-2897
2020-05-01,16,AP,Norte,-228
2020-05-01,17,TO,Norte,-1234
2020-05-01,21,MA,Nordeste,-1257
2020-05-01,22,PI,Nordeste,-3436
2020-05-01,23,CE,Nordeste,-9687
2020-05-01,24,RN,Nordeste,-3341
2020-05-01,25,PB,Nordeste,-3532
2020-05-01,26,PE,Nordeste,-7541
2020-05-01,27,AL,Nordeste,-2480
2020-05-01,28,SE,Nordeste,-3622
2020-05-01,29,BA,Nordeste,-18302
2020-05-01,31,MG,Sudeste,-36305
2020-05-01,32,ES,Sudeste,-7034
2020-05-01,33,RJ,Sudeste,-36985
2020-05-01,35,SP,Sudeste,-110415
2020-05-01,41,PR,Sul,-25555
2020-05-01,42,SC,Sul,-23742
2020-05-01,43,RS,Sul,-33819
2020-05-01,50,MS,Centro-Oeste,-2314
2020-05-01,51,MT,Centro-Oeste,-1633
2020-05-01,52,GO,Centro-Oeste,-5321
2020-05-01,53,DF,Centro-Oeste,-5646
2020-05-01,99,ND99,ND,72
2020-06-01,11,RO,Norte,731
2020-06-01,12,AC,Norte,167
2020-06-01,13,AM,Norte,-434
2020-06-01,14,RR,Norte,77
2020-06-01,15,PA,Norte,4395
2020-06-01,16,AP,Norte,-9
2020-06-01,17,TO,Norte,1108
2020-06-01,21,MA,Nordeste,3716
2020-06-01,22,PI,Nordeste,336
2020-06-01,23,CE,Nordeste,-1832
2020-06-01,24,RN,Nordeste,1695
2020-06-01,25,PB,Nordeste,40
2020-06-01,26,PE,Nordeste,-3565
2020-06-01,27,AL,Nordeste,814
2020-06-01,28,SE,Nordeste,-805
2020-06-01,29,BA,Nordeste,-2984
2020-06-01,31,MG,Sudeste,1078
2020-06-01,32,ES,Sudeste,-340
2020-06-01,33,RJ,Sudeste,-17709
2020-06-01,35,SP,Sudeste,-17091
2020-06-01,41,PR,Sul,1815
2020-06-01,42,SC,Sul,3252
2020-06-01,43,RS,Sul,-5888
2020-06-01,50,MS,Centro-Oeste,1183
2020-06-01,51,MT,Centro-Oeste,6412
2020-06-01,52,GO,Centro-Oeste,3579
2020-06-01,53,DF,Centro-Oeste,-2985
2020-06-01,99,ND99,ND,133
2020-07-01,11,RO,Norte,1434
2020-07-01,12,AC,Norte,420
2020-07-01,13,AM,Norte,3403
2020-07-01,14,RR,Norte,203
2020-07-01,15,PA,Norte,8501
2020-07-01,16,AP,Norte,-74
2020-07-01,17,TO,Norte,1745
2020-07-01,21,MA,Nordeste,5372
2020-07-01,22,PI,Nordeste,1561
2020-07-01,23,CE,Nordeste,6956
2020-07-01,24,RN,Nordeste,1358
2020-07-01,25,PB,Nordeste,2080
2020-07-01,26,PE,Nordeste,5741
2020-07-01,27,AL,Nordeste,1659
2020-07-01,28,SE,Nordeste,-788
2020-07-01,29,BA,Nordeste,4170
2020-07-01,31,MG,Sudeste,20581
2020-07-01,32,ES,Sudeste,1917
2020-07-01,33,RJ,Sudeste,-5257
2020-07-01,35,SP,Sudeste,19109
2020-07-01,41,PR,Sul,10089
2020-07-01,42,SC,Sul,11444
2020-07-01,43,RS,Sul,2402
2020-07-01,50,MS,Centro-Oeste,3262
2020-07-01,51,MT,Centro-Oeste,6555
2020-07-01,52,GO,Centro-Oeste,6259
2020-07-01,53,DF,Centro-Oeste,1341
2020-07-01,99,ND99,ND,1854
2020-08-01,11,RO,Norte,1461
2020-08-01,12,AC,Norte,911
2020-08-01,13,AM,Norte,7209
2020-08-01,14,RR,Norte,744
2020-08-01,15,PA,Norte,9762
2020-08-01,16,AP,Norte,417
2020-08-01,17,TO,Norte,1973
2020-08-01,21,MA,Nordeste,5892
2020-08-01,22,PI,Nordeste,2073
2020-08-01,23,CE,Nordeste,12170
2020-08-01,24,RN,Nordeste,5931
2020-08-01,25,PB,Nordeste,9716
2020-08-01,26,PE,Nordeste,12522
2020-08-01,27,AL,Nordeste,3809
2020-08-01,28,SE,Nordeste,327
2020-08-01,29,BA,Nordeste,8983
2020-08-01,31,MG,Sudeste,27823
2020-08-01,32,ES,Sudeste,6056
2020-08-01,33,RJ,Sudeste,661
2020-08-01,35,SP,Sudeste,62437
2020-08-01,41,PR,Sul,16234
2020-08-01,42,SC,Sul,18055
2020-08-01,43,RS,Sul,6720
2020-08-01,50,MS,Centro-Oeste,2206
2020-08-01,51,MT,Centro-Oeste,3553
2020-08-01,52,GO,Centro-Oeste,7168
2020-08-01,53,DF,Centro-Oeste,3304
2020-08-01,99,ND99,ND,8
2020-09-01,11,RO,Norte,1432
2020-09-01,12,AC,Norte,578
2020-09-01,13,AM,Norte,5830
2020-09-01,14,RR,Norte,1111
2020-09-01,15,PA,Norte,9810
2020-09-01,16,AP,Norte,456
2020-09-01,17,TO,Norte,1774
2020-09-01,21,MA,Nordeste,5088
2020-09-01,22,PI,Nordeste,2433
2020-09-01,23,CE,Nordeste,12794
2020-09-01,24,RN,Nordeste,4427
2020-09-01,25,PB,Nordeste,1899
2020-09-01,26,PE,Nordeste,22205
2020-09-01,27,AL,Nordeste,16673
2020-09-01,28,SE,Nordeste,3505
2020-09-01,29,BA,Nordeste,16700
2020-09-01,31,MG,Sudeste,36671
2020-09-01,32,ES,Sudeste,7114
2020-09-01,33,RJ,Sudeste,9913
2020-09-01,35,SP,Sudeste,75105
2020-09-01,41,PR,Sul,19635
2020-09-01,42,SC,Sul,24577
2020-09-01,43,RS,Sul,15297
2020-09-01,50,MS,Centro-Oeste,2878
2020-09-01,51,MT,Centro-Oeste,5301
2020-09-01,52,GO,Centro-Oeste,7906
2020-09-01,53,DF,Centro-Oeste,2447
2020-09-01,99,ND99,ND,5
2020-10-01,11,RO,Norte,1461
2020-10-01,12,AC,Norte,805
2020-10-01,13,AM,Norte,5730
2020-10-01,14,RR,Norte,709
2020-10-01,15,PA,Norte,9651
2020-10-01,16,AP,Norte,808
2020-10-01,17,TO,Norte,1447
2020-10-01,21,MA,Nordeste,5937
2020-10-01,22,PI,Nordeste,3514
2020-10-01,23,CE,Nordeste,16577
2020-10-01,24,RN,Nordeste,4685
2020-10-01,25,PB,Nordeste,1456
2020-10-01,26,PE,Nordeste,13134
2020-10-01,27,AL,Nordeste,4631
2020-10-01,28,SE,Nordeste,3732
2020-10-01,29,BA,Nordeste,16162
2020-10-01,31,MG,Sudeste,41604
2020-10-01,32,ES,Sudeste,9289
2020-10-01,33,RJ,Sudeste,16285
2020-10-01,35,SP,Sudeste,116764
2020-10-01,41,PR,Sul,32393
2020-10-01,42,SC,Sul,32331
2020-10-01,43,RS,Sul,26226
2020-10-01,50,MS,Centro-Oeste,4531
2020-10-01,51,MT,Centro-Oeste,6324
2020-10-01,52,GO,Centro-Oeste,8201
2020-10-01,53,DF,Centro-Oeste,4553
2020-10-01,99,ND99,ND,-2
2020-11-01,11,RO,Norte,1047
2020-11-01,12,AC,Norte,785
2020-11-01,13,AM,Norte,5412
2020-11-01,14,RR,Norte,1191
2020-11-01,15,PA,Norte,6290
2020-11-01,16,AP,Norte,242
2020-11-01,17,TO,Norte,1041
2020-11-01,21,MA,Nordeste,4391
2020-11-01,22,PI,Nordeste,2157
2020-11-01,23,CE,Nordeste,16463
2020-11-01,24,RN,Nordeste,4758
2020-11-01,25,PB,Nordeste,10125
2020-11-01,26,PE,Nordeste,13724
2020-11-01,27,AL,Nordeste,3694
2020-11-01,28,SE,Nordeste,2716
2020-11-01,29,BA,Nordeste,13854
2020-11-01,31,MG,Sudeste,32125
2020-11-01,32,ES,Sudeste,11184
2020-11-01,33,RJ,Sudeste,32699
2020-11-01,35,SP,Sudeste,135841
2020-11-01,41,PR,Sul,29114
2020-11-01,42,SC,Sul,32809
2020-11-01,43,RS,Sul,29191
2020-11-01,50,MS,Centro-Oeste,5324
2020-11-01,51,MT,Centro-Oeste,2635
2020-11-01,52,GO,Centro-Oeste,5981
2020-11-01,53,DF,Centro-Oeste,4145
2020-11-01,99,ND99,ND,10
2020-12-01,11,RO,Norte,287
2020-12-01,12,AC,Norte,-52
2020-12-01,13,AM,Norte,-1516
2020-12-01,14,RR,Norte,343
2020-12-01,15,PA,Norte,-5597
2020-12-01,16,AP,Norte,280
2020-12-01,17,TO,Norte,110
2020-12-01,21,MA,Nordeste,-3017
2020-12-01,22,PI,Nordeste,-210
2020-12-01,23,CE,Nordeste,3723
2020-12-01,24,RN,Nordeste,-946
2020-12-01,25,PB,Nordeste,1210
2020-12-01,26,PE,Nordeste,-2433
2020-12-01,27,AL,Nordeste,1532
2020-12-01,28,SE,Nordeste,610
2020-12-01,29,BA,Nordeste,-85
2020-12-01,31,MG,Sudeste,-6025
2020-12-01,32,ES,Sudeste,-1889
2020-12-01,33,RJ,Sudeste,6086
2020-12-01,35,SP,Sudeste,-40071
2020-12-01,41,PR,Sul,-9185
2020-12-01,42,SC,Sul,-13078
2020-12-01,43,RS,Sul,-1244
2020-12-01,50,MS,Centro-Oeste,-2584
2020-12-01,51,MT,Centro-Oeste,-4042
2020-12-01,52,GO,Centro-Oeste,-1204
2020-12-01,53,DF,Centro-Oeste,-958
2020-12-01,99,ND99,ND,-2163
2021-01-01,11,RO,Norte,353
2021-01-01,12,AC,Norte,456
2021-01-01,13,AM,Norte,1912
2021-01-01,14,RR,Norte,452
2021-01-01,15,PA,Norte,2056
2021-01-01,16,AP,Norte,31
2021-01-01,17,TO,Norte,1428
2021-01-01,21,MA,Nordeste,28
2021-01-01,22,PI,Nordeste,1659
2021-01-01,23,CE,Nordeste,8011
2021-01-01,24,RN,Nordeste,2212
2021-01-01,25,PB,Nordeste,-185
2021-01-01,26,PE,Nordeste,1411
2021-01-01,27,AL,Nordeste,-192
2021-01-01,28,SE,Nordeste,467
2021-01-01,29,BA,Nordeste,14920
2021-01-01,31,MG,Sudeste,24645
2021-01-01,32,ES,Sudeste,5006
2021-01-01,33,RJ,Sudeste,-678
2021-01-01,35,SP,Sudeste,74920
2021-01-01,41,PR,Sul,23905
2021-01-01,42,SC,Sul,32028
2021-01-01,43,RS,Sul,26692
2021-01-01,50,MS,Centro-Oeste,3385
2021-01-01,51,MT,Centro-Oeste,12321
2021-01-01,52,GO,Centro-Oeste,16009
2021-01-01,53,DF,Centro-Oeste,3790
2021-01-01,99,ND99,ND,17
2021-02-01,11,RO,Norte,1735
2021-02-01,12,AC,Norte,1059
2021-02-01,13,AM,Norte,-742
2021-02-01,14,RR,Norte,359
2021-02-01,15,PA,Norte,6926
2021-02-01,16,AP,Norte,294
2021-02-01,17,TO,Norte,2573
2021-02-01,21,MA,Nordeste,3309
2021-02-01,22,PI,Nordeste,2840
2021-02-01,23,CE,Nordeste,12410
2021-02-01,24,RN,Nordeste,1842
2021-02-01,25,PB,Nordeste,-76
2021-02-01,26,PE,Nordeste,1829
2021-02-01,27,AL,Nordeste,-552
2021-02-01,28,SE,Nordeste,194
2021-02-01,29,BA,Nordeste,18806
2021-02-01,31,MG,Sudeste,51373
2021-02-01,32,ES,Sudeste,7200
2021-02-01,33,RJ,Sudeste,15713
2021-02-01,35,SP,Sudeste,127460
2021-02-01,41,PR,Sul,40938
2021-02-01,42,SC,Sul,33777
2021-02-01,43,RS,Sul,28841
2021-02-01,50,MS,Centro-Oeste,7015
2021-02-01,51,MT,Centro-Oeste,11507
2021-02-01,52,GO,Centro-Oeste,17910
2021-02-01,53,DF,Centro-Oeste,3320
2021-02-01,99,ND99,ND,55
2021-03-01,11,RO,Norte,604
2021-03-01,12,AC,Norte,282
2021-03-01,13,AM,Norte,1824
2021-03-01,14,RR,Norte,266
2021-03-01,15,PA,Norte,4291
2021-03-01,16,AP,Norte,255
2021-03-01,17,TO,Norte,1287
2021-03-01,21,MA,Nordeste,3662
2021-03-01,22,PI,Nordeste,1293
2021-03-01,23,CE,Nordeste,-1294
2021-03-01,24,RN,Nordeste,2081
2021-03-01,25,PB,Nordeste,2063
2021-03-01,26,PE,Nordeste,-2593
2021-03-01,27,AL,Nordeste,-8426
2021-03-01,28,SE,Nordeste,-1482
2021-03-01,29,BA,Nordeste,9422
2021-03-01,31,MG,Sudeste,34990
2021-03-01,32,ES,Sudeste,4330
2021-03-01,33,RJ,Sudeste,12722
2021-03-01,35,SP,Sudeste,48046
2021-03-01,41,PR,Sul,10288
2021-03-01,42,SC,Sul,20500
2021-03-01,43,RS,Sul,16744
2021-03-01,50,MS,Centro-Oeste,5086
2021-03-01,51,MT,Centro-Oeste,3772
2021-03-01,52,GO,Centro-Oeste,4186
2021-03-01,53,DF,Centro-Oeste,2113
2021-03-01,99,ND99,ND,18
2021-04-01,11,RO,Norte,717
2021-04-01,12,AC,Norte,571
2021-04-01,13,AM,Norte,2042
2021-04-01,14,RR,Norte,294
2021-04-01,15,PA,Norte,4398
2021-04-01,16,AP,Norte,-64
2021-04-01,17,TO,Norte,1271
2021-04-01,21,MA,Nordeste,3100
2021-04-01,22,PI,Nordeste,2077
2021-04-01,23,CE,Nordeste,3408
2021-04-01,24,RN,Nordeste,-97
2021-04-01,25,PB,Nordeste,532
2021-04-01,26,PE,Nordeste,5071
2021-04-01,27,AL,Nordeste,-3253
2021-04-01,28,SE,Nordeste,-362
2021-04-01,29,BA,Nordeste,9951
2021-04-01,31,MG,Sudeste,14674
2021-04-01,32,ES,Sudeste,2123
2021-04-01,33,RJ,Sudeste,4418
2021-04-01,35,SP,Sudeste,23032
2021-04-01,41,PR,Sul,9266
2021-04-01,42,SC,Sul,10370
2021-04-01,43,RS,Sul,-941
2021-04-01,50,MS,Centro-Oeste,4491
2021-04-01,51,MT,Centro-Oeste,1663
2021-04-01,52,GO,Centro-Oeste,11314
2021-04-01,53,DF,Centro-Oeste,3575
2021-04-01,99,ND99,ND,281
2021-05-01,11,RO,Norte,1452
2021-05-01,12,AC,Norte,1614
2021-05-01,13,AM,Norte,3875
2021-05-01,14,RR,Norte,281
2021-05-01,15,PA,Norte,8972
2021-05-01,16,AP,Norte,473
2021-05-01,17,TO,Norte,1748
2021-05-01,21,MA,Nordeste,3701
2021-05-01,22,PI,Nordeste,3419
2021-05-01,23,CE,Nordeste,4575
2021-05-01,24,RN,Nordeste,2171
2021-05-01,25,PB,Nordeste,2982
2021-05-01,26,PE,Nordeste,8250
2021-05-01,27,AL,Nordeste,3233
2021-05-01,28,SE,Nordeste,525
2021-05-01,29,BA,Nordeste,11118
2021-05-01,31,MG,Sudeste,36581
2021-05-01,32,ES,Sudeste,10672
2021-05-01,33,RJ,Sudeste,17768
2021-05-01,35,SP,Sudeste,84243
2021-05-01,41,PR,Sul,16367
2021-05-01,42,SC,Sul,13328
2021-05-01,43,RS,Sul,6922
2021-05-01,50,MS,Centro-Oeste,4946
2021-05-01,51,MT,Centro-Oeste,8173
2021-05-01,52,GO,Centro-Oeste,12948
2021-05-01,53,DF,Centro-Oeste,3556
2021-05-01,99,ND99,ND,4812
2021-06-01,11,RO,Norte,2975
2021-06-01,12,AC,Norte,1027
2021-06-01,13,AM,Norte,5445
2021-06-01,14,RR,Norte,783
2021-06-01,15,PA,Norte,10359
2021-06-01,16,AP,Norte,381
2021-06-01,17,TO,Norte,1965
2021-06-01,21,MA,Nordeste,7043
2021-06-01,22,PI,Nordeste,5107
2021-06-01,23,CE,Nordeste,9929
2021-06-01,24,RN,Nordeste,4882
2021-06-01,25,PB,Nordeste,3390
2021-06-01,26,PE,Nordeste,6927
2021-06-01,27,AL,Nordeste,4987
2021-06-01,28,SE,Nordeste,1112
2021-06-01,29,BA,Nordeste,8530
2021-06-01,31,MG,Sudeste,39234
2021-06-01,32,ES,Sudeste,4710
2021-06-01,33,RJ,Sudeste,16054
2021-06-01,35,SP,Sudeste,88536
2021-06-01,41,PR,Sul,15976
2021-06-01,42,SC,Sul,15552
2021-06-01,43,RS,Sul,11529
2021-06-01,50,MS,Centro-Oeste,4196
2021-06-01,51,MT,Centro-Oeste,14265
2021-06-01,52,GO,Centro-Oeste,16489
2021-06-01,53,DF,Centro-Oeste,4750
2021-06-01,99,ND99,ND,3903
2021-07-01,11,RO,Norte,2504
2021-07-01,12,AC,Norte,872
2021-07-01,13,AM,Norte,7497
2021-07-01,14,RR,Norte,364
2021-07-01,15,PA,Norte,9589
2021-07-01,16,AP,Norte,843
2021-07-01,17,TO,Norte,1822
2021-07-01,21,MA,Nordeste,5121
2021-07-01,22,PI,Nordeste,2842
2021-07-01,23,CE,Nordeste,13678
2021-07-01,24,RN,Nordeste,4627
2021-07-01,25,PB,Nordeste,3447
2021-07-01,26,PE,Nordeste,9177
2021-07-01,27,AL,Nordeste,4094
2021-07-01,28,SE,Nordeste,1516
2021-07-01,29,BA,Nordeste,10955
2021-07-01,31,MG,Sudeste,37059
2021-07-01,32,ES,Sudeste,2494
2021-07-01,33,RJ,Sudeste,19056
2021-07-01,35,SP,Sudeste,96235
2021-07-01,41,PR,Sul,14286
2021-07-01,42,SC,Sul,13410
2021-07-01,43,RS,Sul,14854
2021-07-01,50,MS,Centro-Oeste,4282
2021-07-01,51,MT,Centro-Oeste,12632
2021-07-01,52,GO,Centro-Oeste,13679
2021-07-01,53,DF,Centro-Oeste,7734
2021-07-01,99,ND99,ND,2056
2021-08-01,11,RO,Norte,2286
2021-08-01,12,AC,Norte,387
2021-08-01,13,AM,Norte,5900
2021-08-01,14,RR,Norte,601
2021-08-01,15,PA,Norte,9174
2021-08-01,16,AP,Norte,870
2021-08-01,17,TO,Norte,1519
2021-08-01,21,MA,Nordeste,4675
2021-08-01,22,PI,Nordeste,2979
2021-08-01,23,CE,Nordeste,16773
2021-08-01,24,RN,Nordeste,7550
2021-08-01,25,PB,Nordeste,10555
2021-08-01,26,PE,Nordeste,17391
2021-08-01,27,AL,Nordeste,5487
2021-08-01,28,SE,Nordeste,1748
2021-08-01,29,BA,Nordeste,18305
2021-08-01,31,MG,Sudeste,41328
2021-08-01,32,ES,Sudeste,5084
2021-08-01,33,RJ,Sudeste,23195
2021-08-01,35,SP,Sudeste,112903
2021-08-01,41,PR,Sul,22156
2021-08-01,42,SC,Sul,20371
2021-08-01,43,RS,Sul,12403
2021-08-01,50,MS,Centro-Oeste,2959
2021-08-01,51,MT,Centro-Oeste,6023
2021-08-01,52,GO,Centro-Oeste,11923
2021-08-01,53,DF,Centro-Oeste,9354
2021-08-01,99,ND99,ND,-555
2021-09-01,11,RO,Norte,429
2021-09-01,12,AC,Norte,1117
2021-09-01,13,AM,Norte,4300
2021-09-01,14,RR,Norte,552
2021-09-01,15,PA,Norte,7852
2021-09-01,16,AP,Norte,290
2021-09-01,17,TO,Norte,1917
2021-09-01,21,MA,Nordeste,3266
2021-09-01,22,PI,Nordeste,3377
2021-09-01,23,CE,Nordeste,14104
2021-09-01,24,RN,Nordeste,6386
2021-09-01,25,PB,Nordeste,5137
2021-09-01,26,PE,Nordeste,27157
2021-09-01,27,AL,Nordeste,16978
2021-09-01,28,SE,Nordeste,6388
2021-09-01,29,BA,Nordeste,11478
2021-09-01,31,MG,Sudeste,25896
2021-09-01,32,ES,Sudeste,6067
2021-09-01,33,RJ,Sudeste,20617
2021-09-01,35,SP,Sudeste,83575
2021-09-01,41,PR,Sul,15144
2021-09-01,42,SC,Sul,18316
2021-09-01,43,RS,Sul,14408
2021-09-01,50,MS,Centro-Oeste,2959
2021-09-01,51,MT,Centro-Oeste,5918
2021-09-01,52,GO,Centro-Oeste,6909
2021-09-01,53,DF,Centro-Oeste,6546
2021-09-01,99,ND99,ND,-90
2021-10-01,11,RO,Norte,854
2021-10-01,12,AC,Norte,1045
2021-10-01,13,AM,Norte,2099
2021-10-01,14,RR,Norte,476
2021-10-01,15,PA,Norte,2810
2021-10-01,16,AP,Norte,-99
2021-10-01,17,TO,Norte,1794
2021-10-01,21,MA,Nordeste,5188
2021-10-01,22,PI,Nordeste,1538
2021-10-01,23,CE,Nordeste,7962
2021-10-01,24,RN,Nordeste,3885
2021-10-01,25,PB,Nordeste,4278
2021-10-01,26,PE,Nordeste,11556
2021-10-01,27,AL,Nordeste,3556
2021-10-01,28,SE,Nordeste,2322
2021-10-01,29,BA,Nordeste,12592
2021-10-01,31,MG,Sudeste,19117
2021-10-01,32,ES,Sudeste,3335
2021-10-01,33,RJ,Sudeste,19538
2021-10-01,35,SP,Sudeste,78770
2021-10-01,41,PR,Sul,15869
2021-10-01,42,SC,Sul,18083
2021-10-01,43,RS,Sul,20312
2021-10-01,50,MS,Centro-Oeste,3407
2021-10-01,51,MT,Centro-Oeste,3742
2021-10-01,52,GO,Centro-Oeste,3641
2021-10-01,53,DF,Centro-Oeste,5401
2021-10-01,99,ND99,ND,12
2021-11-01,11,RO,Norte,1504
2021-11-01,12,AC,Norte,965
2021-11-01,13,AM,Norte,4787
2021-11-01,14,RR,Norte,422
2021-11-01,15,PA,Norte,6053
2021-11-01,16,AP,Norte,972
2021-11-01,17,TO,Norte,1276
2021-11-01,21,MA,Nordeste,2846
2021-11-01,22,PI,Nordeste,1616
2021-11-01,23,CE,Nordeste,12593
2021-11-01,24,RN,Nordeste,3209
2021-11-01,25,PB,Nordeste,4398
2021-11-01,26,PE,Nordeste,11025
2021-11-01,27,AL,Nordeste,3727
2021-11-01,28,SE,Nordeste,1828
2021-11-01,29,BA,Nordeste,15990
2021-11-01,31,MG,Sudeste,22878
2021-11-01,32,ES,Sudeste,8495
2021-11-01,33,RJ,Sudeste,35534
2021-11-01,35,SP,Sudeste,117087
2021-11-01,41,PR,Sul,17506
2021-11-01,42,SC,Sul,18054
2021-11-01,43,RS,Sul,18773
2021-11-01,50,MS,Centro-Oeste,2050
2021-11-01,51,MT,Centro-Oeste,1416
2021-11-01,52,GO,Centro-Oeste,2830
2021-11-01,53,DF,Centro-Oeste,7902
2021-11-01,99,ND99,ND,-1624
2021-12-01,11,RO,Norte,-1016
2021-12-01,12,AC,Norte,-247
2021-12-01,13,AM,Norte,-3155
2021-12-01,14,RR,Norte,-89
2021-12-01,15,PA,Norte,-7222
2021-12-01,16,AP,Norte,-325
2021-12-01,17,TO,Norte,-1732
2021-12-01,21,MA,Nordeste,-1087
2021-12-01,22,PI,Nordeste,-1896
2021-12-01,23,CE,Nordeste,-1487
2021-12-01,24,RN,Nordeste,-1022
2021-12-01,25,PB,Nordeste,-222
2021-12-01,26,PE,Nordeste,-6151
2021-12-01,27,AL,Nordeste,622
2021-12-01,28,SE,Nordeste,-588
2021-12-01,29,BA,Nordeste,-5635
2021-12-01,31,MG,Sudeste,-25244
2021-12-01,32,ES,Sudeste,-4980
2021-12-01,33,RJ,Sudeste,-4735
2021-12-01,35,SP,Sudeste,-93374
2021-12-01,41,PR,Sul,-24479
2021-12-01,42,SC,Sul,-37353
2021-12-01,43,RS,Sul,-18032
2021-12-01,50,MS,Centro-Oeste,-4794
2021-12-01,51,MT,Centro-Oeste,-7954
2021-12-01,52,GO,Centro-Oeste,-7460
2021-12-01,53,DF,Centro-Oeste,-3201
2021-12-01,99,ND99,ND,-2953
2022-01-01,11,RO,Norte,741
2022-01-01,12,AC,Norte,231
2022-01-01,13,AM,Norte,625
2022-01-01,14,RR,Norte,337
2022-01-01,15,PA,Norte,-796
2022-01-01,16,AP,Norte,480
2022-01-01,17,TO,Norte,817
2022-01-01,21,MA,Nordeste,591
2022-01-01,22,PI,Nordeste,-520
2022-01-01,23,CE,Nordeste,-1508
2022-01-01,24,RN,Nordeste,-2430
2022-01-01,25,PB,Nordeste,-984
2022-01-01,26,PE,Nordeste,537
2022-01-01,27,AL,Nordeste,-324
2022-01-01,28,SE,Nordeste,-1253
2022-01-01,29,BA,Nordeste,11279
2022-01-01,31,MG,Sudeste,-1083
2022-01-01,32,ES,Sudeste,3680
2022-01-01,33,RJ,Sudeste,1699
2022-01-01,35,SP,Sudeste,48355
2022-01-01,41,PR,Sul,18351
2022-01-01,42,SC,Sul,23358
2022-01-01,43,RS,Sul,17064
2022-01-01,50,MS,Centro-Oeste,3483
2022-01-01,51,MT,Centro-Oeste,14747
2022-01-01,52,GO,Centro-Oeste,12521
2022-01-01,53,DF,Centro-Oeste,3107
2022-01-01,99,ND99,ND,2073
2022-02-01,11,RO,Norte,2728
2022-02-01,12,AC,Norte,713
2022-02-01,13,AM,Norte,3219
2022-02-01,14,RR,Norte,1058
2022-02-01,15,PA,Norte,3277
2022-02-01,16,AP,Norte,155
2022-02-01,17,TO,Norte,1727
2022-02-01,21,MA,Nordeste,3524
2022-02-01,22,PI,Nordeste,1794
2022-02-01,23,CE,Nordeste,8053
2022-02-01,24,RN,Nordeste,1589
2022-02-01,25,PB,Nordeste,-1537
2022-02-01,26,PE,Nordeste,534
2022-02-01,27,AL,Nordeste,-533
2022-02-01,28,SE,Nordeste,1720
2022-02-01,29,BA,Nordeste,12613
2022-02-01,31,MG,Sudeste,37196
2022-02-01,32,ES,Sudeste,7079
2022-02-01,33,RJ,Sudeste,20428
2022-02-01,35,SP,Sudeste,98193
2022-02-01,41,PR,Sul,28389
2022-02-01,42,SC,Sul,28606
2022-02-01,43,RS,Sul,26208
2022-02-01,50,MS,Centro-Oeste,7425
2022-02-01,51,MT,Centro-Oeste,8531
2022-02-01,52,GO,Centro-Oeste,17679
2022-02-01,53,DF,Centro-Oeste,7200
2022-02-01,99,ND99,ND,939
2022-03-01,11,RO,Norte,1465
2022-03-01,12,AC,Norte,766
2022-03-01,13,AM,Norte,1673
2022-03-01,14,RR,Norte,387
2022-03-01,15,PA,Norte,2349
2022-03-01,16,AP,Norte,1225
2022-03-01,17,TO,Norte,1525
2022-03-01,21,MA,Nordeste,1611
2022-03-01,22,PI,Nordeste,848
2022-03-01,23,CE,Nordeste,3386
2022-03-01,24,RN,Nordeste,-1061
2022-03-01,25,PB,Nordeste,872
2022-03-01,26,PE,Nordeste,-6250
2022-03-01,27,AL,Nordeste,-10079
2022-03-01,28,SE,Nordeste,-2527
2022-03-01,29,BA,Nordeste,7952
2022-03-01,31,MG,Sudeste,28368
2022-03-01,32,ES,Sudeste,2947
2022-03-01,33,RJ,Sudeste,11410
2022-03-01,35,SP,Sudeste,39265
2022-03-01,41,PR,Sul,8636
2022-03-01,42,SC,Sul,11155
2022-03-01,43,RS,Sul,13463
2022-03-01,50,MS,Centro-Oeste,6000
2022-03-01,51,MT,Centro-Oeste,644
2022-03-01,52,GO,Centro-Oeste,8410
2022-03-01,53,DF,Centro-Oeste,4578
2022-03-01,99,ND99,ND,-2829
2022-04-01,11,RO,Norte,1321
2022-04-01,12,AC,Norte,800
2022-04-01,13,AM,Norte,3700
2022-04-01,14,RR,Norte,440
2022-04-01,15,PA,Norte,4526
2022-04-01,16,AP,Norte,755
2022-04-01,17,TO,Norte,601
2022-04-01,21,MA,Nordeste,3412
2022-04-01,22,PI,Nordeste,1014
2022-04-01,23,CE,Nordeste,5313
2022-04-01,24,RN,Nordeste,1622
2022-04-01,25,PB,Nordeste,2412
2022-04-01,26,PE,Nordeste,-880
2022-04-01,27,AL,Nordeste,-234
2022-04-01,28,SE,Nordeste,1685
2022-04-01,29,BA,Nordeste,15907
2022-04-01,31,MG,Sudeste,20895
2022-04-01,32,ES,Sudeste,5427
2022-04-01,33,RJ,Sudeste,22473
2022-04-01,35,SP,Sudeste,56852
2022-04-01,41,PR,Sul,9098
2022-04-01,42,SC,Sul,7181
2022-04-01,43,RS,Sul,8564
2022-04-01,50,MS,Centro-Oeste,2660
2022-04-01,51,MT,Centro-Oeste,4338
2022-04-01,52,GO,Centro-Oeste,13314
2022-04-01,53,DF,Centro-Oeste,5486
2022-04-01,99,ND99,ND,-1716
2022-05-01,11,RO,Norte,1987
2022-05-01,12,AC,Norte,889
2022-05-01,13,AM,Norte,4159
2022-05-01,14,RR,Norte,494
2022-05-01,15,PA,Norte,6382
2022-05-01,16,AP,Norte,334
2022-05-01,17,TO,Norte,1846
2022-05-01,21,MA,Nordeste,4910
2022-05-01,22,PI,Nordeste,2678
2022-05-01,23,CE,Nordeste,7472
2022-05-01,24,RN,Nordeste,3519
2022-05-01,25,PB,Nordeste,3128
2022-05-01,26,PE,Nordeste,6508
2022-05-01,27,AL,Nordeste,3435
2022-05-01,28,SE,Nordeste,855
2022-05-01,29,BA,Nordeste,16342
2022-05-01,31,MG,Sudeste,29970
2022-05-01,32,ES,Sudeste,11991
2022-05-01,33,RJ,Sudeste,20226
2022-05-01,35,SP,Sudeste,85659
2022-05-01,41,PR,Sul,13894
2022-05-01,42,SC,Sul,7416
2022-05-01,43,RS,Sul,4275
2022-05-01,50,MS,Centro-Oeste,6644
2022-05-01,51,MT,Centro-Oeste,8280
2022-05-01,52,GO,Centro-Oeste,14634
2022-05-01,53,DF,Centro-Oeste,4420
2022-05-01,99,ND99,ND,4671
2022-06-01,11,RO,Norte,2499
2022-06-01,12,AC,Norte,1184
2022-06-01,13,AM,Norte,5237
2022-06-01,14,RR,Norte,538
2022-06-01,15,PA,Norte,9834
2022-06-01,16,AP,Norte,866
2022-06-01,17,TO,Norte,1650
2022-06-01,21,MA,Nordeste,6733
2022-06-01,22,PI,Nordeste,4194
2022-06-01,23,CE,Nordeste,9597
2022-06-01,24,RN,Nordeste,3729
2022-06-01,25,PB,Nordeste,3633
2022-06-01,26,PE,Nordeste,7134
2022-06-01,27,AL,Nordeste,3504
2022-06-01,28,SE,Nordeste,836
2022-06-01,29,BA,Nordeste,13359
2022-06-01,31,MG,Sudeste,33372
2022-06-01,32,ES,Sudeste,2318
2022-06-01,33,RJ,Sudeste,23032
2022-06-01,35,SP,Sudeste,75021
2022-06-01,41,PR,Sul,14045
2022-06-01,42,SC,Sul,9664
2022-06-01,43,RS,Sul,7893
2022-06-01,50,MS,Centro-Oeste,4318
2022-06-01,51,MT,Centro-Oeste,14006
2022-06-01,52,GO,Centro-Oeste,12357
2022-06-01,53,DF,Centro-Oeste,4341
2022-06-01,99,ND99,ND,3050
2022-07-01,11,RO,Norte,1557
2022-07-01,12,AC,Norte,1026
2022-07-01,13,AM,Norte,3622
2022-07-01,14,RR,Norte,591
2022-07-01,15,PA,Norte,6033
2022-07-01,16,AP,Norte,763
2022-07-01,17,TO,Norte,2503
2022-07-01,21,MA,Nordeste,5308
2022-07-01,22,PI,Nordeste,2030
2022-07-01,23,CE,Nordeste,10097
2022-07-01,24,RN,Nordeste,2516
2022-07-01,25,PB,Nordeste,4144
2022-07-01,26,PE,Nordeste,9084
2022-07-01,27,AL,Nordeste,1918
2022-07-01,28,SE,Nordeste,820
2022-07-01,29,BA,Nordeste,13111
2022-07-01,31,MG,Sudeste,19540
2022-07-01,32,ES,Sudeste,-514
2022-07-01,33,RJ,Sudeste,13348
2022-07-01,35,SP,Sudeste,68165
2022-07-01,41,PR,Sul,16050
2022-07-01,42,SC,Sul,4593
2022-07-01,43,RS,Sul,7493
2022-07-01,50,MS,Centro-Oeste,3972
2022-07-01,51,MT,Centro-Oeste,8039
2022-07-01,52,GO,Centro-Oeste,9072
2022-07-01,53,DF,Centro-Oeste,4216
2022-07-01,99,ND99,ND,-195
2022-08-01,11,RO,Norte,1883
2022-08-01,12,AC,Norte,858
2022-08-01,13,AM,Norte,4088
2022-08-01,14,RR,Norte,1081
2022-08-01,15,PA,Norte,7098
2022-08-01,16,AP,Norte,1016
2022-08-01,17,TO,Norte,2147
2022-08-01,21,MA,Nordeste,5472
2022-08-01,22,PI,Nordeste,831
2022-08-01,23,CE,Nordeste,8713
2022-08-01,24,RN,Nordeste,6338
2022-08-01,25,PB,Nordeste,5913
2022-08-01,26,PE,Nordeste,15119
2022-08-01,27,AL,Nordeste,4335
2022-08-01,28,SE,Nordeste,1872
2022-08-01,29,BA,Nordeste,17416
2022-08-01,31,MG,Sudeste,27381
2022-08-01,32,ES,Sudeste,4567
2022-08-01,33,RJ,Sudeste,30838
2022-08-01,35,SP,Sudeste,74973
2022-08-01,41,PR,Sul,15118
2022-08-01,42,SC,Sul,10223
2022-08-01,43,RS,Sul,9691
2022-08-01,50,MS,Centro-Oeste,4439
2022-08-01,51,MT,Centro-Oeste,4143
2022-08-01,52,GO,Centro-Oeste,7587
2022-08-01,53,DF,Centro-Oeste,5346
2022-08-01,99,ND99,ND,153
2022-09-01,11,RO,Norte,1745
2022-09-01,12,AC,Norte,761
2022-09-01,13,AM,Norte,5211
2022-09-01,14,RR,Norte,1087
2022-09-01,15,PA,Norte,7849
2022-09-01,16,AP,Norte,738
2022-09-01,17,TO,Norte,2019
2022-09-01,21,MA,Nordeste,7082
2022-09-01,22,PI,Nordeste,2781
2022-09-01,23,CE,Nordeste,12091
2022-09-01,24,RN,Nordeste,4232
2022-09-01,25,PB,Nordeste,3819
2022-09-01,26,PE,Nordeste,20743
2022-09-01,27,AL,Nordeste,15639
2022-09-01,28,SE,Nordeste,5278
2022-09-01,29,BA,Nordeste,15600
2022-09-01,31,MG,Sudeste,22525
2022-09-01,32,ES,Sudeste,7735
2022-09-01,33,RJ,Sudeste,15100
2022-09-01,35,SP,Sudeste,62244
2022-09-01,41,PR,Sul,12988
2022-09-01,42,SC,Sul,15024
2022-09-01,43,RS,Sul,10340
2022-09-01,50,MS,Centro-Oeste,4057
2022-09-01,51,MT,Centro-Oeste,6332
2022-09-01,52,GO,Centro-Oeste,8377
2022-09-01,53,DF,Centro-Oeste,6808
2022-09-01,99,ND99,ND,-120
2022-10-01,11,RO,Norte,599
2022-10-01,12,AC,Norte,675
2022-10-01,13,AM,Norte,3482
2022-10-01,14,RR,Norte,509
2022-10-01,15,PA,Norte,1451
2022-10-01,16,AP,Norte,-499
2022-10-01,17,TO,Norte,1038
2022-10-01,21,MA,Nordeste,3127
2022-10-01,22,PI,Nordeste,919
2022-10-01,23,CE,Nordeste,5010
2022-10-01,24,RN,Nordeste,1953
2022-10-01,25,PB,Nordeste,1245
2022-10-01,26,PE,Nordeste,8296
2022-10-01,27,AL,Nordeste,4364
2022-10-01,28,SE,Nordeste,983
2022-10-01,29,BA,Nordeste,6731
2022-10-01,31,MG,Sudeste,7329
2022-10-01,32,ES,Sudeste,3172
2022-10-01,33,RJ,Sudeste,8592
2022-10-01,35,SP,Sudeste,61539
2022-10-01,41,PR,Sul,10436
2022-10-01,42,SC,Sul,7017
2022-10-01,43,RS,Sul,13850
2022-10-01,50,MS,Centro-Oeste,1657
2022-10-01,51,MT,Centro-Oeste,809
2022-10-01,52,GO,Centro-Oeste,946
2022-10-01,53,DF,Centro-Oeste,4800
2022-10-01,99,ND99,ND,-576
2022-11-01,11,RO,Norte,226
2022-11-01,12,AC,Norte,461
2022-11-01,13,AM,Norte,2114
2022-11-01,14,RR,Norte,717
2022-11-01,15,PA,Norte,-1178
2022-11-01,16,AP,Norte,-131
2022-11-01,17,TO,Norte,808
2022-11-01,21,MA,Nordeste,1735
2022-11-01,22,PI,Nordeste,-49
2022-11-01,23,CE,Nordeste,6557
2022-11-01,24,RN,Nordeste,1805
2022-11-01,25,PB,Nordeste,2552
2022-11-01,26,PE,Nordeste,8253
2022-11-01,27,AL,Nordeste,2664
2022-11-01,28,SE,Nordeste,1243
2022-11-01,29,BA,Nordeste,4243
2022-11-01,31,MG,Sudeste,3284
2022-11-01,32,ES,Sudeste,3701
2022-11-01,33,RJ,Sudeste,25176
2022-11-01,35,SP,Sudeste,54340
2022-11-01,41,PR,Sul,4890
2022-11-01,42,SC,Sul,4248
2022-11-01,43,RS,Sul,11635
2022-11-01,50,MS,Centro-Oeste,1632
2022-11-01,51,MT,Centro-Oeste,-4459
2022-11-01,52,GO,Centro-Oeste,-2512
2022-11-01,53,DF,Centro-Oeste,4134
2022-11-01,99,ND99,ND,-2594
2022-12-01,11,RO,Norte,-1353
2022-12-01,12,AC,Norte,-801
2022-12-01,13,AM,Norte,-5403
2022-12-01,14,RR,Norte,-966
2022-12-01,15,PA,Norte,-15266
2022-12-01,16,AP,Norte,-979
2022-12-01,17,TO,Norte,-2533
2022-12-01,21,MA,Nordeste,-4911
2022-12-01,22,PI,Nordeste,-4030
2022-12-01,23,CE,Nordeste,-6969
2022-12-01,24,RN,Nordeste,-3018
2022-12-01,25,PB,Nordeste,-2388
2022-12-01,26,PE,Nordeste,-9395
2022-12-01,27,AL,Nordeste,-3910
2022-12-01,28,SE,Nordeste,-1290
2022-12-01,29,BA,Nordeste,-16259
2022-12-01,31,MG,Sudeste,-46951
2022-12-01,32,ES,Sudeste,-7083
2022-12-01,33,RJ,Sudeste,-8224
2022-12-01,35,SP,Sudeste,-146666
2022-12-01,41,PR,Sul,-36244
2022-12-01,42,SC,Sul,-39297
2022-12-01,43,RS,Sul,-27927
2022-12-01,50,MS,Centro-Oeste,-6744
2022-12-01,51,MT,Centro-Oeste,-8864
2022-12-01,52,GO,Centro-Oeste,-12222
2022-12-01,53,DF,Centro-Oeste,-8262
2022-12-01,99,ND99,ND,-3056
2023-01-01,11,RO,Norte,-497
2023-01-01,12,AC,Norte,-648
2023-01-01,13,AM,Norte,436
2023-01-01,14,RR,Norte,969
2023-01-01,15,PA,Norte,-1893
2023-01-01,16,AP,Norte,66
2023-01-01,17,TO,Norte,1098
2023-01-01,21,MA,Nordeste,1057
2023-01-01,22,PI,Nordeste,276
2023-01-01,23,CE,Nordeste,-2981
2023-01-01,24,RN,Nordeste,-37
2023-01-01,25,PB,Nordeste,-1723
2023-01-01,26,PE,Nordeste,327
2023-01-01,27,AL,Nordeste,-133
2023-01-01,28,SE,Nordeste,-417
2023-01-01,29,BA,Nordeste,3644
2023-01-01,31,MG,Sudeste,-1654
2023-01-01,32,ES,Sudeste,1635
2023-01-01,33,RJ,Sudeste,-558
2023-01-01,35,SP,Sudeste,18547
2023-01-01,41,PR,Sul,6301
2023-01-01,42,SC,Sul,15696
2023-01-01,43,RS,Sul,10389
2023-01-01,50,MS,Centro-Oeste,4789
2023-01-01,51,MT,Centro-Oeste,15127
2023-01-01,52,GO,Centro-Oeste,10614
2023-01-01,53,DF,Centro-Oeste,-1069
2023-01-01,99,ND99,ND,3936
2023-02-01,11,RO,Norte,2398
2023-02-01,12,AC,Norte,812
2023-02-01,13,AM,Norte,1566
2023-02-01,14,RR,Norte,214
2023-02-01,15,PA,Norte,5559
2023-02-01,16,AP,Norte,149
2023-02-01,17,TO,Norte,1914
2023-02-01,21,MA,Nordeste,831
2023-02-01,22,PI,Nordeste,922
2023-02-01,23,CE,Nordeste,4348
2023-02-01,24,RN,Nordeste,427
2023-02-01,25,PB,Nordeste,514
2023-02-01,26,PE,Nordeste,6761
2023-02-01,27,AL,Nordeste,169
2023-02-01,28,SE,Nordeste,1298
2023-02-01,29,BA,Nordeste,8101
2023-02-01,31,MG,Sudeste,27266
2023-02-01,32,ES,Sudeste,3566
2023-02-01,33,RJ,Sudeste,14630
2023-02-01,35,SP,Sudeste,64877
2023-02-01,41,PR,Sul,24125
2023-02-01,42,SC,Sul,19676
2023-02-01,43,RS,Sul,20139
2023-02-01,50,MS,Centro-Oeste,5925
2023-02-01,51,MT,Centro-Oeste,5069
2023-02-01,52,GO,Centro-Oeste,11535
2023-02-01,53,DF,Centro-Oeste,7517
2023-02-01,99,ND99,ND,1477
2023-03-01,11,RO,Norte,1091
2023-03-01,12,AC,Norte,566
2023-03-01,13,AM,Norte,1547
2023-03-01,14,RR,Norte,1057
2023-03-01,15,PA,Norte,4031
2023-03-01,16,AP,Norte,-41
2023-03-01,17,TO,Norte,1822
2023-03-01,21,MA,Nordeste,2758
2023-03-01,22,PI,Nordeste,1930
2023-03-01,23,CE,Nordeste,4745
2023-03-01,24,RN,Nordeste,-78
2023-03-01,25,PB,Nordeste,-815
2023-03-01,26,PE,Nordeste,-5265
2023-03-01,27,AL,Nordeste,127
2023-03-01,28,SE,Nordeste,1389
2023-03-01,29,BA,Nordeste,9328
2023-03-01,31,MG,Sudeste,38690
2023-03-01,32,ES,Sudeste,4448
2023-03-01,33,RJ,Sudeste,19427
2023-03-01,35,SP,Sudeste,51628
2023-03-01,41,PR,Sul,13392
2023-03-01,42,SC,Sul,11883
2023-03-01,43,RS,Sul,12177
2023-03-01,50,MS,Centro-Oeste,3668
2023-03-01,51,MT,Centro-Oeste,-20
2023-03-01,52,GO,Centro-Oeste,13670
2023-03-01,53,DF,Centro-Oeste,5099
2023-03-01,99,ND99,ND,-3083
2023-04-01,11,RO,Norte,808
2023-04-01,12,AC,Norte,156
2023-04-01,13,AM,Norte,1964
2023-04-01,14,RR,Norte,604
2023-04-01,15,PA,Norte,6042
2023-04-01,16,AP,Norte,394
2023-04-01,17,TO,Norte,882
2023-04-01,21,MA,Nordeste,2201
2023-04-01,22,PI,Nordeste,1883
2023-04-01,23,CE,Nordeste,4488
2023-04-01,24,RN,Nordeste,1577
2023-04-01,25,PB,Nordeste,-3181
2023-04-01,26,PE,Nordeste,-2425
2023-04-01,27,AL,Nordeste,-4063
2023-04-01,28,SE,Nordeste,-569
2023-04-01,29,BA,Nordeste,11252
2023-04-01,31,MG,Sudeste,27430
2023-04-01,32,ES,Sudeste,5789
2023-04-01,33,RJ,Sudeste,18114
2023-04-01,35,SP,Sudeste,55037
2023-04-01,41,PR,Sul,9427
2023-04-01,42,SC,Sul,7012
2023-04-01,43,RS,Sul,11490
2023-04-01,50,MS,Centro-Oeste,3632
2023-04-01,51,MT,Centro-Oeste,3671
2023-04-01,52,GO,Centro-Oeste,11925
2023-04-01,53,DF,Centro-Oeste,5768
2023-04-01,99,ND99,ND,-1303
2023-05-01,11,RO,Norte,1712
2023-05-01,12,AC,Norte,562
2023-05-01,13,AM,Norte,1887
2023-05-01,14,RR,Norte,-30
2023-05-01,15,PA,Norte,7270
2023-05-01,16,AP,Norte,58
2023-05-01,17,TO,Norte,1165
2023-05-01,21,MA,Nordeste,2422
2023-05-01,22,PI,Nordeste,2668
2023-05-01,23,CE,Nordeste,3435
2023-05-01,24,RN,Nordeste,1758
2023-05-01,25,PB,Nordeste,2868
2023-05-01,26,PE,Nordeste,464
2023-05-01,27,AL,Nordeste,-8188
2023-05-01,28,SE,Nordeste,-172
2023-05-01,29,BA,Nordeste,9428
2023-05-01,31,MG,Sudeste,26626
2023-05-01,32,ES,Sudeste,13593
2023-05-01,33,RJ,Sudeste,12418
2023-05-01,35,SP,Sudeste,50112
2023-05-01,41,PR,Sul,7785
2023-05-01,42,SC,Sul,3596
2023-05-01,43,RS,Sul,-2511
2023-05-01,50,MS,Centro-Oeste,3250
2023-05-01,51,MT,Centro-Oeste,3350
2023-05-01,52,GO,Centro-Oeste,6297
2023-05-01,53,DF,Centro-Oeste,1576
2023-05-01,99,ND99,ND,1871
2023-06-01,11,RO,Norte,2050
2023-06-01,12,AC,Norte,1018
2023-06-01,13,AM,Norte,2181
2023-06-01,14,RR,Norte,-121
2023-06-01,15,PA,Norte,6852
2023-06-01,16,AP,Norte,501
2023-06-01,17,TO,Norte,1624
2023-06-01,21,MA,Nordeste,4889
2023-06-01,22,PI,Nordeste,4170
2023-06-01,23,CE,Nordeste,6571
2023-06-01,24,RN,Nordeste,2474
2023-06-01,25,PB,Nordeste,-223
2023-06-01,26,PE,Nordeste,5327
2023-06-01,27,AL,Nordeste,1465
2023-06-01,28,SE,Nordeste,632
2023-06-01,29,BA,Nordeste,8319
2023-06-01,31,MG,Sudeste,25537
2023-06-01,32,ES,Sudeste,636
2023-06-01,33,RJ,Sudeste,13490
2023-06-01,35,SP,Sudeste,36418
2023-06-01,41,PR,Sul,7899
2023-06-01,42,SC,Sul,1899
2023-06-01,43,RS,Sul,-211
2023-06-01,50,MS,Centro-Oeste,3030
2023-06-01,51,MT,Centro-Oeste,10683
2023-06-01,52,GO,Centro-Oeste,5091
2023-06-01,53,DF,Centro-Oeste,2743
2023-06-01,99,ND99,ND,2254
2023-07-01,11,RO,Norte,972
2023-07-01,12,AC,Norte,741
2023-07-01,13,AM,Norte,3723
2023-07-01,14,RR,Norte,228
2023-07-01,15,PA,Norte,6938
2023-07-01,16,AP,Norte,991
2023-07-01,17,TO,Norte,1163
2023-07-01,21,MA,Nordeste,2586
2023-07-01,22,PI,Nordeste,3729
2023-07-01,23,CE,Nordeste,6490
2023-07-01,24,RN,Nordeste,3531
2023-07-01,25,PB,Nordeste,3477
2023-07-01,26,PE,Nordeste,4401
2023-07-01,27,AL,Nordeste,2169
2023-07-01,28,SE,Nordeste,492
2023-07-01,29,BA,Nordeste,5180
2023-07-01,31,MG,Sudeste,12353
2023-07-01,32,ES,Sudeste,1811
2023-07-01,33,RJ,Sudeste,12710
2023-07-01,35,SP,Sudeste,43331
2023-07-01,41,PR,Sul,7184
2023-07-01,42,SC,Sul,2220
2023-07-01,43,RS,Sul,-2129
2023-07-01,50,MS,Centro-Oeste,2386
2023-07-01,51,MT,Centro-Oeste,6214
2023-07-01,52,GO,Centro-Oeste,5435
2023-07-01,53,DF,Centro-Oeste,4275
2023-07-01,99,ND99,ND,101
2023-08-01,11,RO,Norte,1939
2023-08-01,12,AC,Norte,448
2023-08-01,13,AM,Norte,4553
2023-08-01,14,RR,Norte,689
2023-08-01,15,PA,Norte,6903
2023-08-01,16,AP,Norte,989
2023-08-01,17,TO,Norte,2331
2023-08-01,21,MA,Nordeste,2409
2023-08-01,22,PI,Nordeste,2764
2023-08-01,23,CE,Nordeste,10932
2023-08-01,24,RN,Nordeste,5975
2023-08-01,25,PB,Nordeste,8782
2023-08-01,26,PE,Nordeste,15566
2023-08-01,27,AL,Nordeste,3383
2023-08-01,28,SE,Nordeste,2445
2023-08-01,29,BA,Nordeste,11518
2023-08-01,31,MG,Sudeste,15237
2023-08-01,32,ES,Sudeste,315
2023-08-01,33,RJ,Sudeste,18992
2023-08-01,35,SP,Sudeste,65462
2023-08-01,41,PR,Sul,13568
2023-08-01,42,SC,Sul,6702
2023-08-01,43,RS,Sul,2561
2023-08-01,50,MS,Centro-Oeste,3226
2023-08-01,51,MT,Centro-Oeste,4633
2023-08-01,52,GO,Centro-Oeste,6151
2023-08-01,53,DF,Centro-Oeste,3867
2023-08-01,99,ND99,ND,-1496
2023-09-01,11,RO,Norte,1365
2023-09-01,12,AC,Norte,360
2023-09-01,13,AM,Norte,2973
2023-09-01,14,RR,Norte,763
2023-09-01,15,PA,Norte,9041
2023-09-01,16,AP,Norte,1027
2023-09-01,17,TO,Norte,1321
2023-09-01,21,MA,Nordeste,2850
2023-09-01,22,PI,Nordeste,2494
2023-09-01,23,CE,Nordeste,10483
2023-09-01,24,RN,Nordeste,4254
2023-09-01,25,PB,Nordeste,4193
2023-09-01,26,PE,Nordeste,18864
2023-09-01,27,AL,Nordeste,16160
2023-09-01,28,SE,Nordeste,5956
2023-09-01,29,BA,Nordeste,9854
2023-09-01,31,MG,Sudeste,12631
2023-09-01,32,ES,Sudeste,4415
2023-09-01,33,RJ,Sudeste,17998
2023-09-01,35,SP,Sudeste,47306
2023-09-01,41,PR,Sul,9046
2023-09-01,42,SC,Sul,12017
2023-09-01,43,RS,Sul,1267
2023-09-01,50,MS,Centro-Oeste,1801
2023-09-01,51,MT,Centro-Oeste,4410
2023-09-01,52,GO,Centro-Oeste,4489
2023-09-01,53,DF,Centro-Oeste,4093
2023-09-01,99,ND99,ND,333
2023-10-01,11,RO,Norte,404
2023-10-01,12,AC,Norte,127
2023-10-01,13,AM,Norte,2733
2023-10-01,14,RR,Norte,-115
2023-10-01,15,PA,Norte,4863
2023-10-01,16,AP,Norte,453
2023-10-01,17,TO,Norte,1758
2023-10-01,21,MA,Nordeste,2357
2023-10-01,22,PI,Nordeste,2187
2023-10-01,23,CE,Nordeste,6130
2023-10-01,24,RN,Nordeste,2257
2023-10-01,25,PB,Nordeste,3773
2023-10-01,26,PE,Nordeste,8272
2023-10-01,27,AL,Nordeste,4163
2023-10-01,28,SE,Nordeste,1603
2023-10-01,29,BA,Nordeste,5905
2023-10-01,31,MG,Sudeste,4907
2023-10-01,32,ES,Sudeste,3424
2023-10-01,33,RJ,Sudeste,18803
2023-10-01,35,SP,Sudeste,69442
2023-10-01,41,PR,Sul,14945
2023-10-01,42,SC,Sul,12031
2023-10-01,43,RS,Sul,10766
2023-10-01,50,MS,Centro-Oeste,2265
2023-10-01,51,MT,Centro-Oeste,1887
2023-10-01,52,GO,Centro-Oeste,682
2023-10-01,53,DF,Centro-Oeste,5179
2023-10-01,99,ND99,ND,-835
2023-11-01,11,RO,Norte,516
2023-11-01,12,AC,Norte,243
2023-11-01,13,AM,Norte,2584
2023-11-01,14,RR,Norte,417
2023-11-01,15,PA,Norte,-51
2023-11-01,16,AP,Norte,414
2023-11-01,17,TO,Norte,482
2023-11-01,21,MA,Nordeste,1429
2023-11-01,22,PI,Nordeste,-124
2023-11-01,23,CE,Nordeste,4674
2023-11-01,24,RN,Nordeste,3342
2023-11-01,25,PB,Nordeste,3657
2023-11-01,26,PE,Nordeste,7664
2023-11-01,27,AL,Nordeste,2834
2023-11-01,28,SE,Nordeste,1739
2023-11-01,29,BA,Nordeste,7374
2023-11-01,31,MG,Sudeste,808
2023-11-01,32,ES,Sudeste,1772
2023-11-01,33,RJ,Sudeste,23514
2023-11-01,35,SP,Sudeste,47273
2023-11-01,41,PR,Sul,7842
2023-11-01,42,SC,Sul,6672
2023-11-01,43,RS,Sul,11799
2023-11-01,50,MS,Centro-Oeste,1918
2023-11-01,51,MT,Centro-Oeste,-4178
2023-11-01,52,GO,Centro-Oeste,-7073
2023-11-01,53,DF,Centro-Oeste,4052
2023-11-01,99,ND99,ND,-1496
2023-12-01,11,RO,Norte,-2206
2023-12-01,12,AC,Norte,-364
2023-12-01,13,AM,Norte,-2836
2023-12-01,14,RR,Norte,-852
2023-12-01,15,PA,Norte,-10760
2023-12-01,16,AP,Norte,-787
2023-12-01,17,TO,Norte,-1999
2023-12-01,21,MA,Nordeste,-3686
2023-12-01,22,PI,Nordeste,-3479
2023-12-01,23,CE,Nordeste,-3725
2023-12-01,24,RN,Nordeste,-2567
2023-12-01,25,PB,Nordeste,-1504
2023-12-01,26,PE,Nordeste,-8635
2023-12-01,27,AL,Nordeste,101
2023-12-01,28,SE,Nordeste,-744
2023-12-01,29,BA,Nordeste,-17299
2023-12-01,31,MG,Sudeste,-46510
2023-12-01,32,ES,Sudeste,-6870
2023-12-01,33,RJ,Sudeste,-3611
2023-12-01,35,SP,Sudeste,-163937
2023-12-01,41,PR,Sul,-34894
2023-12-01,42,SC,Sul,-38478
2023-12-01,43,RS,Sul,-28832
2023-12-01,50,MS,Centro-Oeste,-8401
2023-12-01,51,MT,Centro-Oeste,-12251
2023-12-01,52,GO,Centro-Oeste,-16228
2023-12-01,53,DF,Centro-Oeste,-5731
2023-12-01,99,ND99,ND,-3074
2024-01-01,11,RO,Norte,189
2024-01-01,12,AC,Norte,-33
2024-01-01,13,AM,Norte,1056
2024-01-01,14,RR,Norte,323
2024-01-01,15,PA,Norte,111
2024-01-01,16,AP,Norte,1203
2024-01-01,17,TO,Norte,1447
2024-01-01,21,MA,Nordeste,-831
2024-01-01,22,PI,Nordeste,721
2024-01-01,23,CE,Nordeste,1264
2024-01-01,24,RN,Nordeste,1457
2024-01-01,25,PB,Nordeste,332
2024-01-01,26,PE,Nordeste,2292
2024-01-01,27,AL,Nordeste,773
2024-01-01,28,SE,Nordeste,777
2024-01-01,29,BA,Nordeste,4821
2024-01-01,31,MG,Sudeste,13784
2024-01-01,32,ES,Sudeste,3616
2024-01-01,33,RJ,Sudeste,1344
2024-01-01,35,SP,Sudeste,38499
2024-01-01,41,PR,Sul,20198
2024-01-01,42,SC,Sul,26210
2024-01-01,43,RS,Sul,20810
2024-01-01,50,MS,Centro-Oeste,4989
2024-01-01,51,MT,Centro-Oeste,17253
2024-01-01,52,GO,Centro-Oeste,14926
2024-01-01,53,DF,Centro-Oeste,2858
2024-01-01,99,ND99,ND,6
2024-02-01,11,RO,Norte,2537
2024-02-01,12,AC,Norte,853
2024-02-01,13,AM,Norte,3383
2024-02-01,14,RR,Norte,785
2024-02-01,15,PA,Norte,7079
2024-02-01,16,AP,Norte,152
2024-02-01,17,TO,Norte,2273
2024-02-01,21,MA,Nordeste,-1220
2024-02-01,22,PI,Nordeste,533
2024-02-01,23,CE,Nordeste,3897
2024-02-01,24,RN,Nordeste,283
2024-02-01,25,PB,Nordeste,-9
2024-02-01,26,PE,Nordeste,2145
2024-02-01,27,AL,Nordeste,-2886
2024-02-01,28,SE,Nordeste,1579
2024-02-01,29,BA,Nordeste,6249
2024-02-01,31,MG,Sudeste,35980
2024-02-01,32,ES,Sudeste,4754
2024-02-01,33,RJ,Sudeste,17672
2024-02-01,35,SP,Sudeste,101163
2024-02-01,41,PR,Sul,33043
2024-02-01,42,SC,Sul,26367
2024-02-01,43,RS,Sul,25452
2024-02-01,50,MS,Centro-Oeste,5998
2024-02-01,51,MT,Centro-Oeste,7429
2024-02-01,52,GO,Centro-Oeste,14106
2024-02-01,53,DF,Centro-Oeste,6511
2024-02-01,99,ND99,ND,3
2024-03-01,11,RO,Norte,1395
2024-03-01,12,AC,Norte,1183
2024-03-01,13,AM,Norte,3200
2024-03-01,14,RR,Norte,632
2024-03-01,15,PA,Norte,2006
2024-03-01,16,AP,Norte,277
2024-03-01,17,TO,Norte,977
2024-03-01,21,MA,Nordeste,2777
2024-03-01,22,PI,Nordeste,3015
2024-03-01,23,CE,Nordeste,6185
2024-03-01,24,RN,Nordeste,1415
2024-03-01,25,PB,Nordeste,263
2024-03-01,26,PE,Nordeste,1364
2024-03-01,27,AL,Nordeste,-9589
2024-03-01,28,SE,Nordeste,-1875
2024-03-01,29,BA,Nordeste,12482
2024-03-01,31,MG,Sudeste,40796
2024-03-01,32,ES,Sudeste,6101
2024-03-01,33,RJ,Sudeste,24466
2024-03-01,35,SP,Sudeste,76941
2024-03-01,41,PR,Sul,17858
2024-03-01,42,SC,Sul,13892
2024-03-01,43,RS,Sul,10490
2024-03-01,50,MS,Centro-Oeste,4197
2024-03-01,51,MT,Centro-Oeste,1085
2024-03-01,52,GO,Centro-Oeste,15742
2024-03-01,53,DF,Centro-Oeste,7023
2024-03-01,99,ND99,ND,17
2024-04-01,11,RO,Norte,724
2024-04-01,12,AC,Norte,1267
2024-04-01,13,AM,Norte,3576
2024-04-01,14,RR,Norte,480
2024-04-01,15,PA,Norte,7332
2024-04-01,16,AP,Norte,902
2024-04-01,17,TO,Norte,1464
2024-04-01,21,MA,Nordeste,2978
2024-04-01,22,PI,Nordeste,2072
2024-04-01,23,CE,Nordeste,5678
2024-04-01,24,RN,Nordeste,2691
2024-04-01,25,PB,Nordeste,739
2024-04-01,26,PE,Nordeste,-1103
2024-04-01,27,AL,Nordeste,-1607
2024-04-01,28,SE,Nordeste,1570
2024-04-01,29,BA,Nordeste,10649
2024-04-01,31,MG,Sudeste,25868
2024-04-01,32,ES,Sudeste,8167
2024-04-01,33,RJ,Sudeste,16077
2024-04-01,35,SP,Sudeste,76299
2024-04-01,41,PR,Sul,18032
2024-04-01,42,SC,Sul,13457
2024-04-01,43,RS,Sul,13512
2024-04-01,50,MS,Centro-Oeste,2567
2024-04-01,51,MT,Centro-Oeste,2999
2024-04-01,52,GO,Centro-Oeste,13584
2024-04-01,53,DF,Centro-Oeste,5258
2024-04-01,99,ND99,ND,4801
2024-05-01,11,RO,Norte,758
2024-05-01,12,AC,Norte,924
2024-05-01,13,AM,Norte,3467
2024-05-01,14,RR,Norte,535
2024-05-01,15,PA,Norte,3385
2024-05-01,16,AP,Norte,316
2024-05-01,17,TO,Norte,527
2024-05-01,21,MA,Nordeste,2416
2024-05-01,22,PI,Nordeste,2134
2024-05-01,23,CE,Nordeste,6956
2024-05-01,24,RN,Nordeste,2736
2024-05-01,25,PB,Nordeste,1776
2024-05-01,26,PE,Nordeste,3992
2024-05-01,27,AL,Nordeste,2224
2024-05-01,28,SE,Nordeste,723
2024-05-01,29,BA,Nordeste,8785
2024-05-01,31,MG,Sudeste,19430
2024-05-01,32,ES,Sudeste,7277
2024-05-01,33,RJ,Sudeste,15627
2024-05-01,35,SP,Sudeste,42355
2024-05-01,41,PR,Sul,8082
2024-05-01,42,SC,Sul,4274
2024-05-01,43,RS,Sul,-22180
2024-05-01,50,MS,Centro-Oeste,1932
2024-05-01,51,MT,Centro-Oeste,3100
2024-05-01,52,GO,Centro-Oeste,1752
2024-05-01,53,DF,Centro-Oeste,2493
2024-05-01,99,ND99,ND,6015
2024-06-01,11,RO,Norte,1424
2024-06-01,12,AC,Norte,914
2024-06-01,13,AM,Norte,5036
2024-06-01,14,RR,Norte,315
2024-06-01,15,PA,Norte,7893
2024-06-01,16,AP,Norte,1974
2024-06-01,17,TO,Norte,705
2024-06-01,21,MA,Nordeste,6025
2024-06-01,22,PI,Nordeste,2914
2024-06-01,23,CE,Nordeste,7620
2024-06-01,24,RN,Nordeste,4533
2024-06-01,25,PB,Nordeste,3420
2024-06-01,26,PE,Nordeste,8022
2024-06-01,27,AL,Nordeste,2686
2024-06-01,28,SE,Nordeste,1821
2024-06-01,29,BA,Nordeste,8899
2024-06-01,31,MG,Sudeste,28354
2024-06-01,32,ES,Sudeste,141
2024-06-01,33,RJ,Sudeste,17229
2024-06-01,35,SP,Sudeste,47957
2024-06-01,41,PR,Sul,13572
2024-06-01,42,SC,Sul,10284
2024-06-01,43,RS,Sul,-8569
2024-06-01,50,MS,Centro-Oeste,1645
2024-06-01,51,MT,Centro-Oeste,9674
2024-06-01,52,GO,Centro-Oeste,8605
2024-06-01,53,DF,Centro-Oeste,3176
2024-06-01,99,ND99,ND,5436
2024-07-01,11,RO,Norte,2311
2024-07-01,12,AC,Norte,544
2024-07-01,13,AM,Norte,4739
2024-07-01,14,RR,Norte,137
2024-07-01,15,PA,Norte,5092
2024-07-01,16,AP,Norte,472
2024-07-01,17,TO,Norte,205
2024-07-01,21,MA,Nordeste,2573
2024-07-01,22,PI,Nordeste,1715
2024-07-01,23,CE,Nordeste,3488
2024-07-01,24,RN,Nordeste,5774
2024-07-01,25,PB,Nordeste,4389
2024-07-01,26,PE,Nordeste,7578
2024-07-01,27,AL,Nordeste,2946
2024-07-01,28,SE,Nordeste,1264
2024-07-01,29,BA,Nordeste,9614
2024-07-01,31,MG,Sudeste,11133
2024-07-01,32,ES,Sudeste,-1029
2024-07-01,33,RJ,Sudeste,10598
2024-07-01,35,SP,Sudeste,61847
2024-07-01,41,PR,Sul,14185
2024-07-01,42,SC,Sul,12150
2024-07-01,43,RS,Sul,6690
2024-07-01,50,MS,Centro-Oeste,1013
2024-07-01,51,MT,Centro-Oeste,5812
2024-07-01,52,GO,Centro-Oeste,5541
2024-07-01,53,DF,Centro-Oeste,2981
2024-07-01,99,ND99,ND,4259
2024-08-01,11,RO,Norte,1208
2024-08-01,12,AC,Norte,352
2024-08-01,13,AM,Norte,5354
2024-08-01,14,RR,Norte,795
2024-08-01,15,PA,Norte,4688
2024-08-01,16,AP,Norte,1350
2024-08-01,17,TO,Norte,1139
2024-08-01,21,MA,Nordeste,2516
2024-08-01,22,PI,Nordeste,2065
2024-08-01,23,CE,Nordeste,9294
2024-08-01,24,RN,Nordeste,7239
2024-08-01,25,PB,Nordeste,9014
2024-08-01,26,PE,Nordeste,18112
2024-08-01,27,AL,Nordeste,5171
2024-08-01,28,SE,Nordeste,2812
2024-08-01,29,BA,Nordeste,16149
2024-08-01,31,MG,Sudeste,14356
2024-08-01,32,ES,Sudeste,2515
2024-08-01,33,RJ,Sudeste,18600
2024-08-01,35,SP,Sudeste,60770
2024-08-01,41,PR,Sul,12803
2024-08-01,42,SC,Sul,7641
2024-08-01,43,RS,Sul,10413
2024-08-01,50,MS,Centro-Oeste,1975
2024-08-01,51,MT,Centro-Oeste,3733
2024-08-01,52,GO,Centro-Oeste,4735
2024-08-01,53,DF,Centro-Oeste,4096
2024-08-01,99,ND99,ND,3618
2024-09-01,11,RO,Norte,599
2024-09-01,12,AC,Norte,955
2024-09-01,13,AM,Norte,2663
2024-09-01,14,RR,Norte,729
2024-09-01,15,PA,Norte,8569
2024-09-01,16,AP,Norte,956
2024-09-01,17,TO,Norte,1138
2024-09-01,21,MA,Nordeste,4237
2024-09-01,22,PI,Nordeste,989
2024-09-01,23,CE,Nordeste,9522
2024-09-01,24,RN,Nordeste,4981
2024-09-01,25,PB,Nordeste,3631
2024-09-01,26,PE,Nordeste,17851
2024-09-01,27,AL,Nordeste,15420
2024-09-01,28,SE,Nordeste,5658
2024-09-01,29,BA,Nordeste,14886
2024-09-01,31,MG,Sudeste,15840
2024-09-01,32,ES,Sudeste,5635
2024-09-01,33,RJ,Sudeste,19740
2024-09-01,35,SP,Sudeste,57067
2024-09-01,41,PR,Sul,14828
2024-09-01,42,SC,Sul,13074
2024-09-01,43,RS,Sul,10238
2024-09-01,50,MS,Centro-Oeste,1912
2024-09-01,51,MT,Centro-Oeste,1723
2024-09-01,52,GO,Centro-Oeste,5516
2024-09-01,53,DF,Centro-Oeste,6211
2024-09-01,99,ND99,ND,3250
2024-10-01,11,RO,Norte,157
2024-10-01,12,AC,Norte,147
2024-10-01,13,AM,Norte,2600
2024-10-01,14,RR,Norte,196
2024-10-01,15,PA,Norte,2536
2024-10-01,16,AP,Norte,397
2024-10-01,17,TO,Norte,1316
2024-10-01,21,MA,Nordeste,423
2024-10-01,22,PI,Nordeste,1317
2024-10-01,23,CE,Nordeste,3187
2024-10-01,24,RN,Nordeste,2847
2024-10-01,25,PB,Nordeste,1606
2024-10-01,26,PE,Nordeste,5010
2024-10-01,27,AL,Nordeste,3445
2024-10-01,28,SE,Nordeste,1089
2024-10-01,29,BA,Nordeste,-579
2024-10-01,31,MG,Sudeste,3176
2024-10-01,32,ES,Sudeste,4296
2024-10-01,33,RJ,Sudeste,10731
2024-10-01,35,SP,Sudeste,47255
2024-10-01,41,PR,Sul,10132
2024-10-01,42,SC,Sul,10125
2024-10-01,43,RS,Sul,14115
2024-10-01,50,MS,Centro-Oeste,835
2024-10-01,51,MT,Centro-Oeste,-172
2024-10-01,52,GO,Centro-Oeste,-45
2024-10-01,53,DF,Centro-Oeste,3839
2024-10-01,99,ND99,ND,2733
2024-11-01,11,RO,Norte,-315
2024-11-01,12,AC,Norte,-372
2024-11-01,13,AM,Norte,5433
2024-11-01,14,RR,Norte,848
2024-11-01,15,PA,Norte,1301
2024-11-01,16,AP,Norte,224
2024-11-01,17,TO,Norte,155
2024-11-01,21,MA,Nordeste,1419
2024-11-01,22,PI,Nordeste,-1378
2024-11-01,23,CE,Nordeste,4443
2024-11-01,24,RN,Nordeste,2361
2024-11-01,25,PB,Nordeste,2720
2024-11-01,26,PE,Nordeste,5526
2024-11-01,27,AL,Nordeste,1773
2024-11-01,28,SE,Nordeste,1502
2024-11-01,29,BA,Nordeste,7191
2024-11-01,31,MG,Sudeste,1110
2024-11-01,32,ES,Sudeste,195
2024-11-01,33,RJ,Sudeste,13810
2024-11-01,35,SP,Sudeste,38562
2024-11-01,41,PR,Sul,4121
2024-11-01,42,SC,Sul,8966
2024-11-01,43,RS,Sul,11865
2024-11-01,50,MS,Centro-Oeste,-179
2024-11-01,51,MT,Centro-Oeste,-7852
2024-11-01,52,GO,Centro-Oeste,-3145
2024-11-01,53,DF,Centro-Oeste,3216
2024-11-01,99,ND99,ND,3125
2024-12-01,11,RO,Norte,-2300
2024-12-01,12,AC,Norte,-735
2024-12-01,13,AM,Norte,-4300
2024-12-01,14,RR,Norte,-566
2024-12-01,15,PA,Norte,-11375
2024-12-01,16,AP,Norte,-1087
2024-12-01,17,TO,Norte,-2930
2024-12-01,21,MA,Nordeste,-7003
2024-12-01,22,PI,Nordeste,-2717
2024-12-01,23,CE,Nordeste,-6222
2024-12-01,24,RN,Nordeste,-2617
2024-12-01,25,PB,Nordeste,-886
2024-12-01,26,PE,Nordeste,-10455
2024-12-01,27,AL,Nordeste,-3569
2024-12-01,28,SE,Nordeste,-1797
2024-12-01,29,BA,Nordeste,-18661
2024-12-01,31,MG,Sudeste,-68617
2024-12-01,32,ES,Sudeste,-7090
2024-12-01,33,RJ,Sudeste,-17125
2024-12-01,35,SP,Sudeste,-190569
2024-12-01,41,PR,Sul,-39785
2024-12-01,42,SC,Sul,-43017
2024-12-01,43,RS,Sul,-28384
2024-12-01,50,MS,Centro-Oeste,-14465
2024-12-01,51,MT,Centro-Oeste,-19516
2024-12-01,52,GO,Centro-Oeste,-22337
2024-12-01,53,DF,Centro-Oeste,-5868
2024-12-01,99,ND99,ND,-1554
2025-01-01,11,RO,Norte,28
2025-01-01,12,AC,Norte,-645
2025-01-01,13,AM,Norte,2400
2025-01-01,14,RR,Norte,222
2025-01-01,15,PA,Norte,-2203
2025-01-01,16,AP,Norte,566
2025-01-01,17,TO,Norte,1564
2025-01-01,21,MA,Nordeste,1019
2025-01-01,22,PI,Nordeste,-966
2025-01-01,23,CE,Nordeste,-1225
2025-01-01,24,RN,Nordeste,-628
2025-01-01,25,PB,Nordeste,-720
2025-01-01,26,PE,Nordeste,-5230
2025-01-01,27,AL,Nordeste,-940
2025-01-01,28,SE,Nordeste,-913
2025-01-01,29,BA,Nordeste,6932
2025-01-01,31,MG,Sudeste,4040
2025-01-01,32,ES,Sudeste,551
2025-01-01,33,RJ,Sudeste,-12960
2025-01-01,35,SP,Sudeste,36125
2025-01-01,41,PR,Sul,15918
2025-01-01,42,SC,Sul,23062
2025-01-01,43,RS,Sul,26732
2025-01-01,50,MS,Centro-Oeste,3176
2025-01-01,51,MT,Centro-Oeste,19507
2025-01-01,52,GO,Centro-Oeste,14195
2025-01-01,53,DF,Centro-Oeste,7485
2025-01-01,99,ND99,ND,211
2025-02-01,11,RO,Norte,3146
2025-02-01,12,AC,Norte,429
2025-02-01,13,AM,Norte,3303
2025-02-01,14,RR,Norte,954
2025-02-01,15,PA,Norte,8990
2025-02-01,16,AP,Norte,687
2025-02-01,17,TO,Norte,3257
2025-02-01,21,MA,Nordeste,1470
2025-02-01,22,PI,Nordeste,2994
2025-02-01,23,CE,Nordeste,6488
2025-02-01,24,RN,Nordeste,2495
2025-02-01,25,PB,Nordeste,525
2025-02-01,26,PE,Nordeste,7588
2025-02-01,27,AL,Nordeste,-5471
2025-02-01,28,SE,Nordeste,869
2025-02-01,29,BA,Nordeste,20132
2025-02-01,31,MG,Sudeste,52603
2025-02-01,32,ES,Sudeste,6274
2025-02-01,33,RJ,Sudeste,31974
2025-02-01,35,SP,Sudeste,137581
2025-02-01,41,PR,Sul,39176
2025-02-01,42,SC,Sul,30097
2025-02-01,43,RS,Sul,30693
2025-02-01,50,MS,Centro-Oeste,8333
2025-02-01,51,MT,Centro-Oeste,9710
2025-02-01,52,GO,Centro-Oeste,20584
2025-02-01,53,DF,Centro-Oeste,7030
2025-02-01,99,ND99,ND,84
2025-03-01,11,RO,Norte,1102
2025-03-01,12,AC,Norte,354
2025-03-01,13,AM,Norte,852
2025-03-01,14,RR,Norte,51
2025-03-01,15,PA,Norte,1489
2025-03-01,16,AP,Norte,389
2025-03-01,17,TO,Norte,933
2025-03-01,21,MA,Nordeste,1106
2025-03-01,22,PI,Nordeste,1730
2025-03-01,23,CE,Nordeste,-2621
2025-03-01,24,RN,Nordeste,-1918
2025-03-01,25,PB,Nordeste,-916
2025-03-01,26,PE,Nordeste,-3478
2025-03-01,27,AL,Nordeste,-8492
2025-03-01,28,SE,Nordeste,-1608
2025-03-01,29,BA,Nordeste,2998
2025-03-01,31,MG,Sudeste,18169
2025-03-01,32,ES,Sudeste,1811
2025-03-01,33,RJ,Sudeste,-6758
2025-03-01,35,SP,Sudeste,34864
2025-03-01,41,PR,Sul,5752
2025-03-01,42,SC,Sul,9841
2025-03-01,43,RS,Sul,8960
2025-03-01,50,MS,Centro-Oeste,1114
2025-03-01,51,MT,Centro-Oeste,-3544
2025-03-01,52,GO,Centro-Oeste,6340
2025-03-01,53,DF,Centro-Oeste,3052
2025-03-01,99,ND99,ND,4
2025-04-01,11,RO,Norte,1117
2025-04-01,12,AC,Norte,760
2025-04-01,13,AM,Norte,2678
2025-04-01,14,RR,Norte,669
2025-04-01,15,PA,Norte,5120
2025-04-01,16,AP,Norte,775
2025-04-01,17,TO,Norte,1708
2025-04-01,21,MA,Nordeste,3582
2025-04-01,22,PI,Nordeste,3218
2025-04-01,23,CE,Nordeste,9221
2025-04-01,24,RN,Nordeste,2927
2025-04-01,25,PB,Nordeste,1577
2025-04-01,26,PE,Nordeste,7501
2025-04-01,27,AL,Nordeste,414
2025-04-01,28,SE,Nordeste,2849
2025-04-01,29,BA,Nordeste,14353
2025-04-01,31,MG,Sudeste,29083
2025-04-01,32,ES,Sudeste,8553
2025-04-01,33,RJ,Sudeste,20031
2025-04-01,35,SP,Sudeste,72283
2025-04-01,41,PR,Sul,18606
2025-04-01,42,SC,Sul,10460
2025-04-01,43,RS,Sul,8678
2025-04-01,50,MS,Centro-Oeste,5701
2025-04-01,51,MT,Centro-Oeste,4142
2025-04-01,52,GO,Centro-Oeste,14780
2025-04-01,53,DF,Centro-Oeste,6738
2025-04-01,99,ND99,ND,4
2025-05-01,11,RO,Norte,882
2025-05-01,12,AC,Norte,1385
2025-05-01,13,AM,Norte,2059
2025-05-01,14,RR,Norte,306
2025-05-01,15,PA,Norte,5058
2025-05-01,16,AP,Norte,179
2025-05-01,17,TO,Norte,967
2025-05-01,21,MA,Nordeste,3560
2025-05-01,22,PI,Nordeste,3559
2025-05-01,23,CE,Nordeste,5769
2025-05-01,24,RN,Nordeste,2220
2025-05-01,25,PB,Nordeste,5905
2025-05-01,26,PE,Nordeste,9754
2025-05-01,27,AL,Nordeste,324
2025-05-01,28,SE,Nordeste,1939
2025-05-01,29,BA,Nordeste,12858
2025-05-01,31,MG,Sudeste,20287
2025-05-01,32,ES,Sudeste,7294
2025-05-01,33,RJ,Sudeste,13642
2025-05-01,35,SP,Sudeste,33313
2025-05-01,41,PR,Sul,6866
2025-05-01,42,SC,Sul,366
2025-05-01,43,RS,Sul,-115
2025-05-01,50,MS,Centro-Oeste,3087
2025-05-01,51,MT,Centro-Oeste,3013
2025-05-01,52,GO,Centro-Oeste,1447
2025-05-01,53,DF,Centro-Oeste,2957
2025-05-01,99,ND99,ND,111
2025-06-01,11,RO,Norte,1125
2025-06-01,12,AC,Norte,605
2025-06-01,13,AM,Norte,2622
2025-06-01,14,RR,Norte,44
2025-06-01,15,PA,Norte,5501
2025-06-01,16,AP,Norte,1273
2025-06-01,17,TO,Norte,513
2025-06-01,21,MA,Nordeste,6247
2025-06-01,22,PI,Nordeste,2745
2025-06-01,23,CE,Nordeste,7320
2025-06-01,24,RN,Nordeste,1763
2025-06-01,25,PB,Nordeste,515
2025-06-01,26,PE,Nordeste,5179
2025-06-01,27,AL,Nordeste,2245
2025-06-01,28,SE,Nordeste,2407
2025-06-01,29,BA,Nordeste,7984
2025-06-01,31,MG,Sudeste,24228
2025-06-01,32,ES,Sudeste,-3348
2025-06-01,33,RJ,Sudeste,15363
2025-06-01,35,SP,Sudeste,40089
2025-06-01,41,PR,Sul,9377
2025-06-01,42,SC,Sul,6538
2025-06-01,43,RS,Sul,2443
2025-06-01,50,MS,Centro-Oeste,2709
2025-06-01,51,MT,Centro-Oeste,9388
2025-06-01,52,GO,Centro-Oeste,7914
2025-06-01,53,DF,Centro-Oeste,3865
2025-06-01,99,ND99,ND,-33
2025-07-01,11,RO,Norte,1267
2025-07-01,12,AC,Norte,112
2025-07-01,13,AM,Norte,1011
2025-07-01,14,RR,Norte,125
2025-07-01,15,PA,Norte,4882
2025-07-01,16,AP,Norte,792
2025-07-01,17,TO,Norte,-61
2025-07-01,21,MA,Nordeste,2898
2025-07-01,22,PI,Nordeste,2985
2025-07-01,23,CE,Nordeste,7424
2025-07-01,24,RN,Nordeste,3438
2025-07-01,25,PB,Nordeste,2247
2025-07-01,26,PE,Nordeste,7377
2025-07-01,27,AL,Nordeste,3112
2025-07-01,28,SE,Nordeste,121
2025-07-01,29,BA,Nordeste,9436
2025-07-01,31,MG,Sudeste,3497
2025-07-01,32,ES,Sudeste,-2381
2025-07-01,33,RJ,Sudeste,6119
2025-07-01,35,SP,Sudeste,42798
2025-07-01,41,PR,Sul,8140
2025-07-01,42,SC,Sul,2773
2025-07-01,43,RS,Sul,424
2025-07-01,50,MS,Centro-Oeste,3023
2025-07-01,51,MT,Centro-Oeste,9540
2025-07-01,52,GO,Centro-Oeste,6951
2025-07-01,53,DF,Centro-Oeste,1749
2025-07-01,99,ND99,ND,-24
2025-08-01,11,RO,Norte,1277
2025-08-01,12,AC,Norte,839
2025-08-01,13,AM,Norte,2637
2025-08-01,14,RR,Norte,-262
2025-08-01,15,PA,Norte,5505
2025-08-01,16,AP,Norte,790
2025-08-01,17,TO,Norte,1298
2025-08-01,21,MA,Nordeste,3149
2025-08-01,22,PI,Nordeste,2591
2025-08-01,23,CE,Nordeste,6933
2025-08-01,24,RN,Nordeste,5339
2025-08-01,25,PB,Nordeste,8492
2025-08-01,26,PE,Nordeste,12692
2025-08-01,27,AL,Nordeste,2803
2025-08-01,28,SE,Nordeste,2330
2025-08-01,29,BA,Nordeste,11015
2025-08-01,31,MG,Sudeste,1214
2025-08-01,32,ES,Sudeste,906
2025-08-01,33,RJ,Sudeste,16128
2025-08-01,35,SP,Sudeste,45450
2025-08-01,41,PR,Sul,6079
2025-08-01,42,SC,Sul,315
2025-08-01,43,RS,Sul,-1648
2025-08-01,50,MS,Centro-Oeste,2718
2025-08-01,51,MT,Centro-Oeste,2817
2025-08-01,52,GO,Centro-Oeste,2949
2025-08-01,53,DF,Centro-Oeste,3045
2025-08-01,99,ND99,ND,-43
2025-09-01,11,RO,Norte,1171
2025-09-01,12,AC,Norte,845
2025-09-01,13,AM,Norte,3736
2025-09-01,14,RR,Norte,295
2025-09-01,15,PA,Norte,9775
2025-09-01,16,AP,Norte,735
2025-09-01,17,TO,Norte,1594
2025-09-01,21,MA,Nordeste,3270
2025-09-01,22,PI,Nordeste,2404
2025-09-01,23,CE,Nordeste,10561
2025-09-01,24,RN,Nordeste,3231
2025-09-01,25,PB,Nordeste,6084
2025-09-01,26,PE,Nordeste,15602
2025-09-01,27,AL,Nordeste,13883
2025-09-01,28,SE,Nordeste,5962
2025-09-01,29,BA,Nordeste,11350
2025-09-01,31,MG,Sudeste,11785
2025-09-01,32,ES,Sudeste,3793
2025-09-01,33,RJ,Sudeste,16009
2025-09-01,35,SP,Sudeste,49052
2025-09-01,41,PR,Sul,12046
2025-09-01,42,SC,Sul,11366
2025-09-01,43,RS,Sul,3890
2025-09-01,50,MS,Centro-Oeste,1379
2025-09-01,51,MT,Centro-Oeste,3737
2025-09-01,52,GO,Centro-Oeste,5737
2025-09-01,53,DF,Centro-Oeste,3716
2025-09-01,99,ND99,ND,-6
2025-10-01,11,RO,Norte,524
2025-10-01,12,AC,Norte,-172
2025-10-01,13,AM,Norte,1198
2025-10-01,14,RR,Norte,21
2025-10-01,15,PA,Norte,2128
2025-10-01,16,AP,Norte,744
2025-10-01,17,TO,Norte,43
2025-10-01,21,MA,Nordeste,3293
2025-10-01,22,PI,Nordeste,2693
2025-10-01,23,CE,Nordeste,3379
2025-10-01,24,RN,Nordeste,954
2025-10-01,25,PB,Nordeste,2734
2025-10-01,26,PE,Nordeste,10596
2025-10-01,27,AL,Nordeste,4657
2025-10-01,28,SE,Nordeste,1076
2025-10-01,29,BA,Nordeste,4449
2025-10-01,31,MG,Sudeste,-4802
2025-10-01,32,ES,Sudeste,-296
2025-10-01,33,RJ,Sudeste,7437
2025-10-01,35,SP,Sudeste,18456
2025-10-01,41,PR,Sul,7961
2025-10-01,42,SC,Sul,6142
2025-10-01,43,RS,Sul,-256
2025-10-01,50,MS,Centro-Oeste,880
2025-10-01,51,MT,Centro-Oeste,-1851
2025-10-01,52,GO,Centro-Oeste,-2327
2025-10-01,53,DF,Centro-Oeste,15467
2025-10-01,99,ND99,ND,19
2025-11-01,11,RO,Norte,168
2025-11-01,12,AC,Norte,-74
2025-11-01,13,AM,Norte,3802
2025-11-01,14,RR,Norte,216
2025-11-01,15,PA,Norte,1951
2025-11-01,16,AP,Norte,376
2025-11-01,17,TO,Norte,-361
2025-11-01,21,MA,Nordeste,2414
2025-11-01,22,PI,Nordeste,-1048
2025-11-01,23,CE,Nordeste,5874
2025-11-01,24,RN,Nordeste,1548
2025-11-01,25,PB,Nordeste,4078
2025-11-01,26,PE,Nordeste,8996
2025-11-01,27,AL,Nordeste,3046
2025-11-01,28,SE,Nordeste,1974
2025-11-01,29,BA,Nordeste,8763
2025-11-01,31,MG,Sudeste,-8740
2025-11-01,32,ES,Sudeste,1009
2025-11-01,33,RJ,Sudeste,19961
2025-11-01,35,SP,Sudeste,31104
2025-11-01,41,PR,Sul,1753
2025-11-01,42,SC,Sul,5188
2025-11-01,43,RS,Sul,4635
2025-11-01,50,MS,Centro-Oeste,-941
2025-11-01,51,MT,Centro-Oeste,-5802
2025-11-01,52,GO,Centro-Oeste,-8413
2025-11-01,53,DF,Centro-Oeste,4337
2025-11-01,99,ND99,ND,50
2025-12-01,11,RO,Norte,-2340
2025-12-01,12,AC,Norte,-461
2025-12-01,13,AM,Norte,-6670
2025-12-01,14,RR,Norte,-988
2025-12-01,15,PA,Norte,-15470
2025-12-01,16,AP,Norte,-1137
2025-12-01,17,TO,Norte,-4407
2025-12-01,21,MA,Nordeste,-4084
2025-12-01,22,PI,Nordeste,-2470
2025-12-01,23,CE,Nordeste,-10800
2025-12-01,24,RN,Nordeste,-5306
2025-12-01,25,PB,Nordeste,-2684
2025-12-01,26,PE,Nordeste,-9462
2025-12-01,27,AL,Nordeste,-2949
2025-12-01,28,SE,Nordeste,-2481
2025-12-01,29,BA,Nordeste,-19498
2025-12-01,31,MG,Sudeste,-72755
2025-12-01,32,ES,Sudeste,-9972
2025-12-01,33,RJ,Sudeste,-23591
2025-12-01,35,SP,Sudeste,-224282
2025-12-01,41,PR,Sul,-51087
2025-12-01,42,SC,Sul,-47948
2025-12-01,43,RS,Sul,-36707
2025-12-01,50,MS,Centro-Oeste,-11281
2025-12-01,51,MT,Centro-Oeste,-19030
2025-12-01,52,GO,Centro-Oeste,-22840
2025-12-01,53,DF,Centro-Oeste,-7381
2025-12-01,99,ND99,ND,-83
2026-01-01,11,RO,Norte,-336
2026-01-01,12,AC,Norte,-892
2026-01-01,13,AM,Norte,1311
2026-01-01,14,RR,Norte,-31
2026-01-01,15,PA,Norte,-270
2026-01-01,16,AP,Norte,459
2026-01-01,17,TO,Norte,1497
2026-01-01,21,MA,Nordeste,2516
2026-01-01,22,PI,Nordeste,-337
2026-01-01,23,CE,Nordeste,-1291
2026-01-01,24,RN,Nordeste,1164
2026-01-01,25,PB,Nordeste,-302
2026-01-01,26,PE,Nordeste,889
2026-01-01,27,AL,Nordeste,-2922
2026-01-01,28,SE,Nordeste,293
2026-01-01,29,BA,Nordeste,6124
2026-01-01,31,MG,Sudeste,7425
2026-01-01,32,ES,Sudeste,2434
2026-01-01,33,RJ,Sudeste,-13009
2026-01-01,35,SP,Sudeste,16451
2026-01-01,41,PR,Sul,18306
2026-01-01,42,SC,Sul,19000
2026-01-01,43,RS,Sul,18421
2026-01-01,50,MS,Centro-Oeste,3936
2026-01-01,51,MT,Centro-Oeste,18731
2026-01-01,52,GO,Centro-Oeste,10733
2026-01-01,53,DF,Centro-Oeste,2012
2026-01-01,99,ND99,ND,22
2026-02-01,11,RO,Norte,1790
2026-02-01,12,AC,Norte,276
2026-02-01,13,AM,Norte,2060
2026-02-01,14,RR,Norte,256
2026-02-01,15,PA,Norte,4701
2026-02-01,16,AP,Norte,238
2026-02-01,17,TO,Norte,1314
2026-02-01,21,MA,Nordeste,2041
2026-02-01,22,PI,Nordeste,1275
2026-02-01,23,CE,Nordeste,4316
2026-02-01,24,RN,Nordeste,-2221
2026-02-01,25,PB,Nordeste,-1186
2026-02-01,26,PE,Nordeste,1143
2026-02-01,27,AL,Nordeste,-3023
2026-02-01,28,SE,Nordeste,2394
2026-02-01,29,BA,Nordeste,6890
2026-02-01,31,MG,Sudeste,22874
2026-02-01,32,ES,Sudeste,2846
2026-02-01,33,RJ,Sudeste,11436
2026-02-01,35,SP,Sudeste,95896
2026-02-01,41,PR,Sul,21599
2026-02-01,42,SC,Sul,21727
2026-02-01,43,RS,Sul,24392
2026-02-01,50,MS,Centro-Oeste,6157
2026-02-01,51,MT,Centro-Oeste,4749
2026-02-01,52,GO,Centro-Oeste,14557
2026-02-01,53,DF,Centro-Oeste,6864
2026-02-01,99,ND99,ND,-40
2026-03-01,11,RO,Norte,554
2026-03-01,12,AC,Norte,1066
2026-03-01,13,AM,Norte,2076
2026-03-01,14,RR,Norte,751
2026-03-01,15,PA,Norte,1995
2026-03-01,16,AP,Norte,818
2026-03-01,17,TO,Norte,626
2026-03-01,21,MA,Nordeste,1430
2026-03-01,22,PI,Nordeste,3308
2026-03-01,23,CE,Nordeste,6629
2026-03-01,24,RN,Nordeste,1127
2026-03-01,25,PB,Nordeste,930
2026-03-01,26,PE,Nordeste,3287
2026-03-01,27,AL,Nordeste,-5243
2026-03-01,28,SE,Nordeste,-338
2026-03-01,29,BA,Nordeste,14008
2026-03-01,31,MG,Sudeste,38845
2026-03-01,32,ES,Sudeste,7392
2026-03-01,33,RJ,Sudeste,23914
2026-03-01,35,SP,Sudeste,67876
2026-03-01,41,PR,Sul,15823
2026-03-01,42,SC,Sul,16868
2026-03-01,43,RS,Sul,4054
2026-03-01,50,MS,Centro-Oeste,3554
2026-03-01,51,MT,Centro-Oeste,-1716
2026-03-01,52,GO,Centro-Oeste,11681
2026-03-01,53,DF,Centro-Oeste,6711
2026-03-01,99,ND99,ND,182
